customer_id,first_name,last_name,email,phone,city,customer_segment,registration_date
1,Barbara,Moore,barbara.moore1@icloud.com,+1 (512) 491-68-92,Austin,Wholesale,2022-05-18
2,Thomas,Moore,thomas.moore2@yahoo.com,+1 (704) 479-34-24,Charlotte,Wholesale,2022-06-16
3,Margaret,Martinez,margaret.martinez3@yahoo.com,+1 (214) 390-11-53,Dallas,Wholesale,2023-08-05
4,Ashley,Davis,ashley.davis4@icloud.com,+1 (210) 379-88-91,San Antonio,Retail,2024-04-26
5,Edward,White,edward.white5@gmail.com,+1 (512) 288-61-95,Austin,VIP,2022-07-09
6,Kevin,Thomas,kevin.thomas6@yahoo.com,+1 (415) 531-41-10,San Francisco,Retail,2023-01-28
7,Elizabeth,Carter,elizabeth.carter7@gmail.com,+1 (214) 537-48-84,Dallas,Wholesale,2022-09-25
8,Christopher,Wright,christopher.wright8@icloud.com,+1 (619) 263-95-25,San Diego,Retail,2022-11-11
9,Jeffrey,Scott,jeffrey.scott9@yahoo.com,+1 (317) 518-98-25,Indianapolis,Retail,2023-01-12
10,Lisa,Hall,lisa.hall10@icloud.com,+1 (619) 336-71-29,San Diego,VIP,2024-02-05
11,George,Smith,george.smith11@icloud.com,+1 (904) 625-99-80,Jacksonville,Retail,2024-02-15
12,Mary,Lopez,mary.lopez12@gmail.com,+1 (210) 453-97-86,San Antonio,Retail,2023-06-23
13,Betty,Rodriguez,betty.rodriguez13@gmail.com,+1 (904) 279-82-24,Jacksonville,Retail,2024-04-28
14,Sarah,Perez,sarah.perez14@outlook.com,+1 (317) 407-83-78,Indianapolis,Retail,2022-06-18
15,Ronald,Allen,ronald.allen15@outlook.com,+1 (317) 652-24-97,Indianapolis,Retail,2024-01-05
16,Michael,King,michael.king16@icloud.com,+1 (312) 722-67-17,Chicago,Retail,2022-05-16
17,Kevin,Williams,kevin.williams17@icloud.com,+1 (704) 777-17-81,Charlotte,Wholesale,2023-11-20
18,Christopher,Nguyen,christopher.nguyen18@outlook.com,+1 (212) 605-42-10,New York,Retail,2023-08-16
19,Daniel,King,daniel.king19@gmail.com,+1 (614) 552-99-18,Columbus,VIP,2022-03-12
20,Jennifer,Harris,jennifer.harris20@outlook.com,+1 (415) 232-46-62,San Francisco,Retail,2024-02-27
21,Christopher,Jones,christopher.jones21@icloud.com,+1 (614) 583-58-67,Columbus,Retail,2023-01-20
22,Elizabeth,Scott,elizabeth.scott22@gmail.com,+1 (206) 336-93-54,Seattle,VIP,2022-07-02
23,Thomas,Thomas,thomas.thomas23@gmail.com,+1 (817) 741-26-38,Fort Worth,Retail,2024-02-14
24,Emily,Martinez,emily.martinez24@icloud.com,+1 (408) 674-96-79,San Jose,Retail,2023-06-29
25,Michelle,Perez,michelle.perez25@outlook.com,+1 (619) 453-68-54,San Diego,Retail,2022-10-10
26,Donna,Wright,donna.wright26@gmail.com,+1 (713) 232-94-63,Houston,Retail,2022-09-04
27,Ryan,Wright,ryan.wright27@gmail.com,+1 (713) 808-14-67,Houston,Wholesale,2022-09-08
28,Andrew,Carter,andrew.carter28@outlook.com,+1 (817) 649-39-79,Fort Worth,Wholesale,2024-02-12
29,Steven,Nguyen,steven.nguyen29@outlook.com,+1 (213) 343-74-47,Los Angeles,VIP,2024-04-15
30,Jeffrey,Adams,jeffrey.adams30@yahoo.com,+1 (303) 526-83-86,Denver,Retail,2022-08-31
31,Sarah,Mitchell,sarah.mitchell31@icloud.com,+1 (602) 876-76-38,Phoenix,Retail,2022-11-04
32,James,Smith,james.smith32@icloud.com,+1 (206) 805-32-90,Seattle,Retail,2023-07-24
33,Barbara,Brown,barbara.brown33@yahoo.com,+1 (904) 858-95-58,Jacksonville,Retail,2023-12-15
34,Daniel,Roberts,daniel.roberts34@icloud.com,+1 (602) 507-58-33,Phoenix,Wholesale,2022-09-04
35,Kimberly,Perez,kimberly.perez35@icloud.com,+1 (408) 347-69-17,San Jose,Retail,2023-03-03
36,Steven,Perez,steven.perez36@outlook.com,+1 (602) 597-41-42,Phoenix,Retail,2022-12-05
37,Christopher,Jackson,christopher.jackson37@outlook.com,+1 (704) 579-21-78,Charlotte,Retail,2022-02-22
38,Emily,Walker,emily.walker38@outlook.com,+1 (202) 817-15-19,Washington,Wholesale,2024-04-03
39,Emily,Thompson,emily.thompson39@yahoo.com,+1 (206) 422-71-36,Seattle,VIP,2022-11-07
40,Jessica,Martin,jessica.martin40@icloud.com,+1 (212) 416-34-25,New York,Wholesale,2022-09-06
41,Barbara,White,barbara.white41@yahoo.com,+1 (210) 606-40-80,San Antonio,Retail,2024-03-05
42,Kimberly,Miller,kimberly.miller42@yahoo.com,+1 (704) 746-93-55,Charlotte,Retail,2022-09-25
43,James,Brown,james.brown43@yahoo.com,+1 (415) 677-22-70,San Francisco,Retail,2022-07-28
44,Donald,Nelson,donald.nelson44@outlook.com,+1 (614) 246-82-38,Columbus,Retail,2022-01-17
45,John,Harris,john.harris45@outlook.com,+1 (303) 793-63-47,Denver,Retail,2022-07-20
46,Patricia,Martin,patricia.martin46@yahoo.com,+1 (817) 783-41-73,Fort Worth,Wholesale,2022-09-21
47,Thomas,Adams,thomas.adams47@outlook.com,+1 (415) 857-72-68,San Francisco,Wholesale,2024-01-21
48,Betty,Taylor,betty.taylor48@outlook.com,+1 (215) 343-79-72,Philadelphia,VIP,2023-07-10
49,Ronald,Roberts,ronald.roberts49@gmail.com,+1 (213) 736-14-19,Los Angeles,Retail,2024-02-22
50,David,Harris,david.harris50@outlook.com,+1 (602) 845-39-18,Phoenix,Retail,2022-01-10
51,Jessica,Flores,jessica.flores51@icloud.com,+1 (704) 582-17-89,Charlotte,Retail,2023-11-07
52,Ashley,Lee,ashley.lee52@gmail.com,+1 (212) 744-80-62,New York,Retail,2022-01-18
53,Anthony,Flores,anthony.flores53@icloud.com,+1 (214) 748-46-12,Dallas,VIP,2024-04-05
54,Richard,Rivera,richard.rivera54@outlook.com,+1 (215) 309-22-77,Philadelphia,Retail,2022-09-04
55,Kevin,Sanchez,kevin.sanchez55@icloud.com,+1 (317) 458-55-44,Indianapolis,Retail,2022-03-22
56,William,Torres,william.torres56@outlook.com,+1 (817) 670-82-41,Fort Worth,Wholesale,2022-11-04
57,Nancy,Rivera,nancy.rivera57@gmail.com,+1 (312) 869-93-14,Chicago,Retail,2023-02-20
58,Timothy,Jackson,timothy.jackson58@gmail.com,+1 (206) 687-17-91,Seattle,Retail,2023-12-21
59,Nancy,Garcia,nancy.garcia59@gmail.com,+1 (415) 644-92-52,San Francisco,VIP,2023-06-25
60,Lisa,Perez,lisa.perez60@icloud.com,+1 (619) 416-98-82,San Diego,Retail,2022-10-05
61,Charles,Allen,charles.allen61@gmail.com,+1 (312) 487-79-82,Chicago,VIP,2022-07-03
62,Richard,Wright,richard.wright62@outlook.com,+1 (512) 216-36-85,Austin,Wholesale,2024-02-10
63,Kenneth,Sanchez,kenneth.sanchez63@outlook.com,+1 (817) 278-48-30,Fort Worth,Wholesale,2023-08-04
64,Andrew,Ramirez,andrew.ramirez64@icloud.com,+1 (817) 893-79-52,Fort Worth,Wholesale,2024-02-13
65,Steven,Rivera,steven.rivera65@gmail.com,+1 (312) 712-54-16,Chicago,Retail,2023-03-24
66,Timothy,Nguyen,timothy.nguyen66@icloud.com,+1 (312) 548-87-88,Chicago,Retail,2024-03-03
67,Sarah,White,sarah.white67@yahoo.com,+1 (214) 661-72-39,Dallas,VIP,2023-07-21
68,Kenneth,Clark,kenneth.clark68@icloud.com,+1 (614) 390-97-84,Columbus,Wholesale,2022-03-29
69,Jessica,Jackson,jessica.jackson69@yahoo.com,+1 (408) 452-19-20,San Jose,Retail,2022-06-07
70,Robert,Flores,robert.flores70@gmail.com,+1 (602) 598-50-56,Phoenix,Retail,2022-04-04
71,Mark,Rodriguez,mark.rodriguez71@gmail.com,+1 (408) 655-56-44,San Jose,Retail,2022-05-16
72,Joseph,Harris,joseph.harris72@icloud.com,+1 (614) 659-81-81,Columbus,Retail,2022-04-16
73,Donald,Harris,donald.harris73@yahoo.com,+1 (904) 767-21-86,Jacksonville,Retail,2024-06-03
74,Betty,Hernandez,betty.hernandez74@outlook.com,+1 (408) 623-59-20,San Jose,Retail,2023-08-09
75,Nancy,Baker,nancy.baker75@yahoo.com,+1 (817) 373-27-44,Fort Worth,Retail,2022-10-02
76,Emily,Wright,emily.wright76@icloud.com,+1 (312) 371-65-45,Chicago,Retail,2022-11-03
77,Robert,Jackson,robert.jackson77@icloud.com,+1 (312) 569-42-41,Chicago,Retail,2023-09-01
78,Donald,Brown,donald.brown78@gmail.com,+1 (704) 309-27-48,Charlotte,Retail,2023-02-10
79,Mark,Wilson,mark.wilson79@yahoo.com,+1 (202) 589-52-66,Washington,Wholesale,2023-03-17
80,John,Adams,john.adams80@outlook.com,+1 (202) 339-48-51,Washington,Retail,2023-05-06
81,Michael,Allen,michael.allen81@icloud.com,+1 (817) 526-47-98,Fort Worth,Wholesale,2023-08-13
82,Paul,Clark,paul.clark82@yahoo.com,+1 (512) 585-45-60,Austin,VIP,2022-04-27
83,Patricia,Thompson,patricia.thompson83@gmail.com,+1 (210) 806-79-33,San Antonio,Retail,2024-01-15
84,Thomas,Nguyen,thomas.nguyen84@gmail.com,+1 (210) 648-47-98,San Antonio,Wholesale,2024-04-18
85,Sarah,Wilson,sarah.wilson85@yahoo.com,+1 (614) 889-73-27,Columbus,Retail,2022-09-05
86,Sarah,Williams,sarah.williams86@icloud.com,+1 (602) 633-58-19,Phoenix,Retail,2023-09-05
87,Joshua,Baker,joshua.baker87@icloud.com,+1 (817) 747-74-98,Fort Worth,Retail,2023-07-11
88,Jason,Garcia,jason.garcia88@gmail.com,+1 (904) 749-86-91,Jacksonville,Wholesale,2022-04-22
89,Michael,Lee,michael.lee89@gmail.com,+1 (904) 370-92-88,Jacksonville,VIP,2023-07-31
90,Barbara,Thompson,barbara.thompson90@gmail.com,+1 (817) 539-65-23,Fort Worth,Retail,2022-04-11
91,Michael,Baker,michael.baker91@outlook.com,+1 (317) 731-81-84,Indianapolis,Retail,2023-04-02
92,Betty,Sanchez,betty.sanchez92@outlook.com,+1 (704) 895-85-98,Charlotte,VIP,2022-12-20
93,David,Thompson,david.thompson93@gmail.com,+1 (415) 307-47-63,San Francisco,Wholesale,2022-04-29
94,Daniel,Clark,daniel.clark94@icloud.com,+1 (602) 556-49-53,Phoenix,Retail,2024-03-14
95,Donald,Lee,donald.lee95@icloud.com,+1 (415) 556-70-22,San Francisco,Wholesale,2024-01-10
96,Barbara,Mitchell,barbara.mitchell96@gmail.com,+1 (512) 268-48-15,Austin,Wholesale,2022-01-24
97,Kimberly,Adams,kimberly.adams97@outlook.com,+1 (713) 893-31-41,Houston,Retail,2023-07-20
98,Kimberly,Williams,kimberly.williams98@icloud.com,+1 (206) 636-69-39,Seattle,Retail,2023-10-07
99,Joshua,Allen,joshua.allen99@outlook.com,+1 (614) 605-13-88,Columbus,Retail,2023-04-06
100,Linda,Thomas,linda.thomas100@yahoo.com,+1 (817) 204-37-36,Fort Worth,Wholesale,2024-02-10
101,Paul,Hall,paul.hall101@outlook.com,+1 (312) 791-23-78,Chicago,Retail,2023-01-10
102,Karen,Jackson,karen.jackson102@icloud.com,+1 (704) 316-43-95,Charlotte,VIP,2023-06-25
103,Edward,Hill,edward.hill103@icloud.com,+1 (512) 811-59-88,Austin,Retail,2023-08-25
104,Michael,Jackson,michael.jackson104@yahoo.com,+1 (904) 668-89-32,Jacksonville,Retail,2023-09-22
105,James,Thompson,james.thompson105@yahoo.com,+1 (602) 520-25-40,Phoenix,Retail,2022-04-30
106,Richard,Young,richard.young106@outlook.com,+1 (602) 723-59-63,Phoenix,Retail,2023-08-12
107,William,Smith,william.smith107@outlook.com,+1 (215) 698-91-78,Philadelphia,Retail,2023-07-23
108,William,Lopez,william.lopez108@icloud.com,+1 (408) 343-33-50,San Jose,Retail,2023-09-27
109,Joseph,Taylor,joseph.taylor109@outlook.com,+1 (904) 209-72-27,Jacksonville,Retail,2024-04-14
110,Susan,Carter,susan.carter110@icloud.com,+1 (206) 717-93-73,Seattle,Retail,2023-12-03
111,Sarah,Carter,sarah.carter111@gmail.com,+1 (704) 700-31-20,Charlotte,Wholesale,2024-03-25
112,Barbara,Carter,barbara.carter112@yahoo.com,+1 (408) 233-45-38,San Jose,Wholesale,2022-06-22
113,Michelle,Thompson,michelle.thompson113@gmail.com,+1 (303) 707-80-75,Denver,Retail,2023-08-10
114,Jennifer,Martinez,jennifer.martinez114@icloud.com,+1 (206) 575-79-15,Seattle,Retail,2023-07-14
115,Barbara,Miller,barbara.miller115@yahoo.com,+1 (614) 304-93-41,Columbus,VIP,2024-06-14
116,Ashley,Rivera,ashley.rivera116@icloud.com,+1 (704) 469-54-21,Charlotte,VIP,2024-06-05
117,Andrew,Torres,andrew.torres117@yahoo.com,+1 (619) 414-85-98,San Diego,Wholesale,2024-05-31
118,Joseph,Sanchez,joseph.sanchez118@outlook.com,+1 (614) 369-88-27,Columbus,Retail,2024-04-13
119,Jennifer,Davis,jennifer.davis119@yahoo.com,+1 (213) 783-54-78,Los Angeles,Retail,2023-09-04
120,Barbara,Rodriguez,barbara.rodriguez120@yahoo.com,+1 (512) 499-47-83,Austin,Retail,2024-05-28
121,Mary,Mitchell,mary.mitchell121@yahoo.com,+1 (713) 338-62-17,Houston,Wholesale,2024-06-06
122,Betty,Perez,betty.perez122@outlook.com,+1 (602) 455-28-51,Phoenix,Wholesale,2024-02-19
123,Susan,Miller,susan.miller123@yahoo.com,+1 (817) 701-28-83,Fort Worth,Retail,2023-10-05
124,David,Sanchez,david.sanchez124@icloud.com,+1 (704) 277-91-21,Charlotte,Wholesale,2023-06-12
125,John,Roberts,john.roberts125@gmail.com,+1 (904) 665-72-51,Jacksonville,Wholesale,2024-06-08
126,Brian,Torres,brian.torres126@yahoo.com,+1 (312) 669-91-95,Chicago,Retail,2024-05-20
127,Susan,Taylor,susan.taylor127@outlook.com,+1 (206) 607-37-64,Seattle,Retail,2023-05-22
128,Christopher,Brown,christopher.brown128@outlook.com,+1 (408) 545-80-83,San Jose,Wholesale,2023-08-03
129,Linda,Roberts,linda.roberts129@gmail.com,+1 (512) 898-16-15,Austin,Wholesale,2023-10-04
130,Michael,White,michael.white130@icloud.com,+1 (704) 216-25-30,Charlotte,Retail,2023-04-13
131,Jason,King,jason.king131@yahoo.com,+1 (614) 407-98-26,Columbus,Wholesale,2022-06-12
132,Donald,Thomas,donald.thomas132@yahoo.com,+1 (214) 295-93-56,Dallas,Retail,2022-03-26
133,Robert,Gonzalez,robert.gonzalez133@yahoo.com,+1 (215) 253-60-90,Philadelphia,Wholesale,2024-01-14
134,Linda,Martinez,linda.martinez134@gmail.com,+1 (619) 639-93-21,San Diego,Retail,2022-01-02
135,Donna,Johnson,donna.johnson135@icloud.com,+1 (312) 335-85-38,Chicago,Retail,2022-01-10
136,Steven,Nelson,steven.nelson136@outlook.com,+1 (512) 323-64-98,Austin,Retail,2023-05-05
137,Sandra,Carter,sandra.carter137@yahoo.com,+1 (817) 291-23-23,Fort Worth,Wholesale,2023-01-12
138,Sandra,Garcia,sandra.garcia138@outlook.com,+1 (602) 591-27-92,Phoenix,Retail,2022-03-12
139,Emily,Jackson,emily.jackson139@icloud.com,+1 (212) 824-93-31,New York,Wholesale,2022-12-26
140,Joshua,Scott,joshua.scott140@icloud.com,+1 (602) 621-88-97,Phoenix,Retail,2024-05-30
141,Thomas,Thompson,thomas.thompson141@icloud.com,+1 (713) 343-25-85,Houston,VIP,2022-12-26
142,Andrew,Taylor,andrew.taylor142@gmail.com,+1 (512) 343-41-45,Austin,Retail,2022-09-12
143,Kimberly,Davis,kimberly.davis143@gmail.com,+1 (202) 822-46-98,Washington,Wholesale,2024-05-18
144,Sandra,Adams,sandra.adams144@outlook.com,+1 (408) 410-76-87,San Jose,Retail,2024-02-05
145,Thomas,Young,thomas.young145@gmail.com,+1 (213) 445-73-59,Los Angeles,Retail,2022-09-04
146,Nancy,Smith,nancy.smith146@yahoo.com,+1 (202) 272-77-11,Washington,Retail,2022-11-21
147,Joseph,Nguyen,joseph.nguyen147@outlook.com,+1 (303) 630-56-79,Denver,Retail,2024-02-21
148,Betty,Ramirez,betty.ramirez148@gmail.com,+1 (312) 217-85-18,Chicago,Retail,2022-09-26
149,Paul,Torres,paul.torres149@icloud.com,+1 (213) 607-74-46,Los Angeles,Wholesale,2023-03-10
150,Daniel,White,daniel.white150@outlook.com,+1 (312) 855-78-78,Chicago,Retail,2022-10-12
151,Charles,Clark,charles.clark151@yahoo.com,+1 (312) 723-36-29,Chicago,Retail,2023-02-05
152,Timothy,Brown,timothy.brown152@outlook.com,+1 (312) 517-99-65,Chicago,Retail,2022-03-01
153,Timothy,Lopez,timothy.lopez153@gmail.com,+1 (614) 318-68-88,Columbus,Wholesale,2022-11-13
154,James,Jones,james.jones154@gmail.com,+1 (215) 322-11-27,Philadelphia,Retail,2022-06-17
155,David,Roberts,david.roberts155@outlook.com,+1 (904) 735-76-43,Jacksonville,Retail,2023-01-16
156,Emily,Young,emily.young156@icloud.com,+1 (214) 320-13-52,Dallas,Retail,2022-10-06
157,Jennifer,Torres,jennifer.torres157@icloud.com,+1 (214) 790-90-19,Dallas,Retail,2023-04-12
158,Richard,Miller,richard.miller158@yahoo.com,+1 (213) 711-82-31,Los Angeles,Retail,2022-06-11
159,Andrew,Martin,andrew.martin159@outlook.com,+1 (713) 787-96-24,Houston,Retail,2024-01-29
160,Jessica,Adams,jessica.adams160@icloud.com,+1 (213) 212-41-15,Los Angeles,Retail,2023-01-08
161,Kimberly,Martin,kimberly.martin161@icloud.com,+1 (602) 383-14-80,Phoenix,Retail,2022-08-18
162,Lisa,Johnson,lisa.johnson162@yahoo.com,+1 (614) 527-44-19,Columbus,Retail,2022-05-03
163,Jennifer,Smith,jennifer.smith163@gmail.com,+1 (213) 383-38-76,Los Angeles,Retail,2023-02-15
164,George,King,george.king164@gmail.com,+1 (704) 489-49-51,Charlotte,Retail,2023-07-21
165,Michelle,Miller,michelle.miller165@yahoo.com,+1 (904) 405-47-82,Jacksonville,Retail,2024-01-28
166,Steven,Hall,steven.hall166@outlook.com,+1 (704) 577-85-73,Charlotte,VIP,2024-01-21
167,Charles,Campbell,charles.campbell167@gmail.com,+1 (619) 354-10-62,San Diego,Retail,2022-08-27
168,Andrew,Brown,andrew.brown168@icloud.com,+1 (212) 543-10-94,New York,Wholesale,2024-05-19
169,Kevin,Allen,kevin.allen169@outlook.com,+1 (408) 306-36-77,San Jose,Retail,2023-03-06
170,Betty,Nguyen,betty.nguyen170@gmail.com,+1 (213) 345-45-21,Los Angeles,Wholesale,2022-08-26
171,Michael,Lewis,michael.lewis171@icloud.com,+1 (317) 622-99-57,Indianapolis,Retail,2024-02-05
172,Donald,Sanchez,donald.sanchez172@icloud.com,+1 (713) 717-27-91,Houston,Retail,2022-03-18
173,Ashley,Thompson,ashley.thompson173@outlook.com,+1 (213) 645-94-26,Los Angeles,Retail,2022-10-26
174,Elizabeth,Miller,elizabeth.miller174@yahoo.com,+1 (512) 602-99-51,Austin,Retail,2023-04-09
175,Paul,Martin,paul.martin175@gmail.com,+1 (312) 407-27-84,Chicago,Retail,2022-06-09
176,Mark,Allen,mark.allen176@gmail.com,+1 (704) 677-50-62,Charlotte,Retail,2023-07-03
177,Nancy,Jones,nancy.jones177@yahoo.com,+1 (210) 662-49-69,San Antonio,Retail,2024-05-22
178,Timothy,White,timothy.white178@gmail.com,+1 (215) 511-99-87,Philadelphia,Wholesale,2022-08-09
179,Linda,Nguyen,linda.nguyen179@yahoo.com,+1 (512) 351-21-41,Austin,Retail,2023-02-10
180,James,Martinez,james.martinez180@icloud.com,+1 (408) 466-32-13,San Jose,Retail,2024-05-25
181,Andrew,Green,andrew.green181@gmail.com,+1 (206) 455-22-69,Seattle,Wholesale,2024-04-03
182,James,Hernandez,james.hernandez182@outlook.com,+1 (713) 212-17-38,Houston,Wholesale,2022-07-22
183,Charles,Garcia,charles.garcia183@yahoo.com,+1 (904) 845-92-20,Jacksonville,Retail,2024-04-12
184,Donna,Robinson,donna.robinson184@outlook.com,+1 (312) 402-92-66,Chicago,VIP,2022-04-05
185,Mark,White,mark.white185@gmail.com,+1 (512) 325-15-69,Austin,VIP,2022-06-22
186,Mark,Torres,mark.torres186@icloud.com,+1 (614) 604-73-13,Columbus,Retail,2023-12-01
187,Joshua,Robinson,joshua.robinson187@yahoo.com,+1 (904) 419-33-45,Jacksonville,Wholesale,2023-04-02
188,James,Torres,james.torres188@outlook.com,+1 (213) 828-89-88,Los Angeles,Retail,2023-10-25
189,Susan,Robinson,susan.robinson189@gmail.com,+1 (614) 763-71-17,Columbus,Retail,2022-10-14
190,Ashley,Garcia,ashley.garcia190@outlook.com,+1 (614) 404-92-77,Columbus,VIP,2023-10-08
191,Richard,Jackson,richard.jackson191@icloud.com,+1 (206) 219-58-55,Seattle,Wholesale,2023-07-12
192,Steven,Garcia,steven.garcia192@icloud.com,+1 (904) 779-74-51,Jacksonville,Retail,2022-10-04
193,Donna,Harris,donna.harris193@yahoo.com,+1 (512) 811-38-13,Austin,Wholesale,2022-03-01
194,James,Harris,james.harris194@outlook.com,+1 (415) 742-55-84,San Francisco,Retail,2022-06-13
195,Sarah,Smith,sarah.smith195@outlook.com,+1 (619) 472-78-17,San Diego,Wholesale,2023-08-13
196,Donna,Scott,donna.scott196@outlook.com,+1 (817) 563-32-32,Fort Worth,Retail,2023-08-30
197,Joshua,Miller,joshua.miller197@yahoo.com,+1 (904) 805-13-99,Jacksonville,Retail,2023-08-05
198,Nancy,Taylor,nancy.taylor198@yahoo.com,+1 (303) 392-73-79,Denver,Retail,2022-06-29
199,Joshua,King,joshua.king199@outlook.com,+1 (312) 257-39-87,Chicago,Retail,2022-01-21
200,Daniel,Anderson,daniel.anderson200@outlook.com,+1 (212) 539-88-35,New York,Wholesale,2022-12-15
201,Andrew,Walker,andrew.walker201@outlook.com,+1 (512) 260-12-28,Austin,Retail,2024-03-03
202,William,Moore,william.moore202@icloud.com,+1 (317) 573-19-57,Indianapolis,Retail,2023-08-24
203,Patricia,Robinson,patricia.robinson203@icloud.com,+1 (408) 530-27-30,San Jose,Retail,2024-03-21
204,Matthew,Johnson,matthew.johnson204@yahoo.com,+1 (415) 864-50-32,San Francisco,Wholesale,2022-08-17
205,John,Carter,john.carter205@yahoo.com,+1 (215) 587-49-98,Philadelphia,Retail,2022-05-11
206,Ryan,Clark,ryan.clark206@gmail.com,+1 (212) 786-60-82,New York,Retail,2022-07-06
207,Charles,Robinson,charles.robinson207@gmail.com,+1 (202) 426-91-82,Washington,Retail,2023-05-24
208,Anthony,Miller,anthony.miller208@outlook.com,+1 (312) 443-54-50,Chicago,Wholesale,2023-10-14
209,Christopher,Davis,christopher.davis209@icloud.com,+1 (312) 886-91-52,Chicago,Retail,2022-01-12
210,Richard,King,richard.king210@gmail.com,+1 (619) 269-54-42,San Diego,Retail,2024-01-08
211,Robert,Baker,robert.baker211@icloud.com,+1 (817) 648-63-31,Fort Worth,Wholesale,2023-05-20
212,Timothy,Perez,timothy.perez212@icloud.com,+1 (904) 759-58-22,Jacksonville,Wholesale,2024-03-18
213,Linda,Williams,linda.williams213@gmail.com,+1 (619) 366-67-19,San Diego,Retail,2022-10-29
214,Karen,Harris,karen.harris214@outlook.com,+1 (214) 307-19-53,Dallas,Retail,2023-01-20
215,Nancy,Jackson,nancy.jackson215@icloud.com,+1 (312) 760-21-53,Chicago,Retail,2023-12-23
216,Sandra,Baker,sandra.baker216@gmail.com,+1 (215) 821-65-30,Philadelphia,Retail,2022-04-14
217,Anthony,Roberts,anthony.roberts217@yahoo.com,+1 (210) 619-99-80,San Antonio,Retail,2023-11-08
218,Christopher,Young,christopher.young218@icloud.com,+1 (619) 298-16-60,San Diego,Retail,2022-06-07
219,Christopher,White,christopher.white219@icloud.com,+1 (212) 637-21-47,New York,Retail,2022-07-24
220,Donald,Roberts,donald.roberts220@gmail.com,+1 (210) 374-91-47,San Antonio,Wholesale,2023-04-30
221,Susan,Garcia,susan.garcia221@yahoo.com,+1 (408) 607-70-72,San Jose,Retail,2022-04-04
222,Margaret,Jones,margaret.jones222@yahoo.com,+1 (817) 389-57-58,Fort Worth,Retail,2022-07-11
223,Robert,Hernandez,robert.hernandez223@outlook.com,+1 (214) 650-69-43,Dallas,Retail,2024-05-07
224,Matthew,Scott,matthew.scott224@gmail.com,+1 (213) 354-99-95,Los Angeles,Wholesale,2022-03-29
225,Ronald,Nguyen,ronald.nguyen225@gmail.com,+1 (206) 623-85-39,Seattle,Retail,2024-05-10
226,Ryan,Williams,ryan.williams226@icloud.com,+1 (317) 628-78-97,Indianapolis,Wholesale,2023-08-10
227,Kevin,Davis,kevin.davis227@gmail.com,+1 (415) 506-20-60,San Francisco,Retail,2023-05-30
228,Ashley,Allen,ashley.allen228@outlook.com,+1 (317) 785-96-89,Indianapolis,VIP,2022-05-04
229,Charles,Davis,charles.davis229@outlook.com,+1 (704) 377-31-37,Charlotte,Retail,2022-05-10
230,Kevin,Martinez,kevin.martinez230@outlook.com,+1 (312) 899-65-35,Chicago,Retail,2024-05-04
231,Mark,Carter,mark.carter231@icloud.com,+1 (512) 268-21-59,Austin,Retail,2023-07-20
232,William,Thomas,william.thomas232@icloud.com,+1 (214) 732-68-11,Dallas,Retail,2022-04-26
233,Kenneth,Mitchell,kenneth.mitchell233@gmail.com,+1 (602) 780-85-84,Phoenix,Retail,2022-04-19
234,Elizabeth,Roberts,elizabeth.roberts234@icloud.com,+1 (713) 492-78-54,Houston,Retail,2022-09-28
235,David,Moore,david.moore235@gmail.com,+1 (415) 785-87-70,San Francisco,Retail,2022-06-26
236,Kevin,Smith,kevin.smith236@icloud.com,+1 (602) 833-87-97,Phoenix,Retail,2022-02-09
237,David,Scott,david.scott237@yahoo.com,+1 (512) 443-16-70,Austin,Retail,2023-01-17
238,Ashley,Wright,ashley.wright238@gmail.com,+1 (408) 518-45-72,San Jose,Retail,2024-06-08
239,Jason,Rodriguez,jason.rodriguez239@icloud.com,+1 (408) 653-51-44,San Jose,Retail,2023-09-12
240,Matthew,Lee,matthew.lee240@icloud.com,+1 (210) 652-37-62,San Antonio,Retail,2024-02-17
241,Jessica,Lee,jessica.lee241@gmail.com,+1 (904) 257-75-30,Jacksonville,Wholesale,2022-11-15
242,John,Lopez,john.lopez242@gmail.com,+1 (817) 338-77-82,Fort Worth,Retail,2022-06-27
243,Jason,Scott,jason.scott243@icloud.com,+1 (210) 259-41-14,San Antonio,VIP,2022-02-21
244,George,Green,george.green244@icloud.com,+1 (210) 480-57-69,San Antonio,VIP,2023-10-13
245,Jason,Gonzalez,jason.gonzalez245@icloud.com,+1 (212) 447-57-72,New York,VIP,2022-07-01
246,Steven,Brown,steven.brown246@yahoo.com,+1 (415) 800-80-54,San Francisco,Wholesale,2022-06-17
247,Richard,Davis,richard.davis247@icloud.com,+1 (214) 292-46-13,Dallas,Retail,2022-02-20
248,Emily,Carter,emily.carter248@outlook.com,+1 (303) 419-38-92,Denver,Retail,2023-11-25
249,Donna,Green,donna.green249@gmail.com,+1 (614) 725-12-97,Columbus,VIP,2023-05-01
250,Donna,Adams,donna.adams250@yahoo.com,+1 (215) 815-11-38,Philadelphia,Wholesale,2023-09-15
251,Joshua,Mitchell,joshua.mitchell251@icloud.com,+1 (408) 858-45-64,San Jose,Retail,2024-05-22
252,Joseph,Jones,joseph.jones252@icloud.com,+1 (214) 423-69-48,Dallas,Retail,2023-08-22
253,Robert,Martin,robert.martin253@yahoo.com,+1 (317) 878-57-81,Indianapolis,Wholesale,2022-11-02
254,Sarah,Scott,sarah.scott254@yahoo.com,+1 (415) 265-53-45,San Francisco,Retail,2024-06-01
255,Ryan,Thompson,ryan.thompson255@outlook.com,+1 (408) 392-29-76,San Jose,Wholesale,2022-02-28
256,Christopher,King,christopher.king256@outlook.com,+1 (202) 613-94-50,Washington,Retail,2024-01-09
257,John,Mitchell,john.mitchell257@icloud.com,+1 (415) 502-43-63,San Francisco,Wholesale,2023-02-02
258,Jennifer,Flores,jennifer.flores258@outlook.com,+1 (303) 785-34-53,Denver,Retail,2023-12-04
259,Nancy,Green,nancy.green259@yahoo.com,+1 (415) 887-55-74,San Francisco,Retail,2024-05-15
260,Kevin,Robinson,kevin.robinson260@icloud.com,+1 (206) 385-47-22,Seattle,Wholesale,2022-05-12
261,Sarah,Taylor,sarah.taylor261@gmail.com,+1 (206) 387-97-52,Seattle,Retail,2022-08-16
262,Susan,Rodriguez,susan.rodriguez262@yahoo.com,+1 (408) 630-52-57,San Jose,Retail,2023-08-23
263,Kimberly,Clark,kimberly.clark263@gmail.com,+1 (713) 681-16-91,Houston,Wholesale,2023-04-29
264,Donald,Baker,donald.baker264@yahoo.com,+1 (317) 322-97-58,Indianapolis,Retail,2023-02-28
265,Jennifer,Jackson,jennifer.jackson265@icloud.com,+1 (602) 340-35-53,Phoenix,Wholesale,2023-08-07
266,James,Roberts,james.roberts266@gmail.com,+1 (704) 346-50-33,Charlotte,Retail,2023-05-15
267,John,Thompson,john.thompson267@gmail.com,+1 (215) 520-91-17,Philadelphia,Retail,2023-04-08
268,Robert,Clark,robert.clark268@gmail.com,+1 (215) 790-30-72,Philadelphia,Retail,2022-05-13
269,Brian,Moore,brian.moore269@icloud.com,+1 (614) 613-64-71,Columbus,Retail,2022-01-05
270,Daniel,Garcia,daniel.garcia270@outlook.com,+1 (210) 582-11-51,San Antonio,Wholesale,2022-01-19
271,Ashley,Baker,ashley.baker271@yahoo.com,+1 (619) 431-98-54,San Diego,Retail,2022-05-13
272,Karen,Jones,karen.jones272@gmail.com,+1 (317) 802-49-31,Indianapolis,Retail,2024-04-23
273,Patricia,Harris,patricia.harris273@yahoo.com,+1 (408) 666-76-86,San Jose,Wholesale,2023-03-21
274,Sandra,Brown,sandra.brown274@outlook.com,+1 (602) 550-72-55,Phoenix,VIP,2022-06-18
275,Betty,Torres,betty.torres275@outlook.com,+1 (817) 219-39-38,Fort Worth,Wholesale,2022-08-05
276,David,Wilson,david.wilson276@yahoo.com,+1 (303) 716-31-25,Denver,Wholesale,2023-12-30
277,Charles,Torres,charles.torres277@gmail.com,+1 (213) 584-91-42,Los Angeles,VIP,2023-09-01
278,George,Taylor,george.taylor278@gmail.com,+1 (713) 869-12-16,Houston,Retail,2023-03-03
279,Nancy,White,nancy.white279@outlook.com,+1 (713) 760-42-70,Houston,Wholesale,2022-07-30
280,Joseph,Williams,joseph.williams280@gmail.com,+1 (212) 508-63-94,New York,Retail,2023-11-10
281,Thomas,Williams,thomas.williams281@icloud.com,+1 (202) 820-99-27,Washington,Wholesale,2024-04-30
282,Kenneth,Hill,kenneth.hill282@gmail.com,+1 (317) 832-25-46,Indianapolis,Retail,2024-03-14
283,Ronald,Thomas,ronald.thomas283@outlook.com,+1 (210) 823-35-43,San Antonio,Wholesale,2023-01-02
284,Kevin,Garcia,kevin.garcia284@icloud.com,+1 (408) 364-15-80,San Jose,Wholesale,2022-08-01
285,Robert,Jones,robert.jones285@gmail.com,+1 (415) 538-40-10,San Francisco,Retail,2023-11-19
286,Lisa,King,lisa.king286@outlook.com,+1 (713) 787-95-73,Houston,Wholesale,2022-04-03
287,Margaret,Torres,margaret.torres287@outlook.com,+1 (312) 303-42-92,Chicago,VIP,2023-04-13
288,Jason,Nelson,jason.nelson288@gmail.com,+1 (408) 470-69-16,San Jose,Retail,2024-04-12
289,Elizabeth,Clark,elizabeth.clark289@yahoo.com,+1 (213) 497-56-96,Los Angeles,Wholesale,2023-03-13
290,Steven,Smith,steven.smith290@outlook.com,+1 (713) 246-11-27,Houston,Retail,2022-12-03
291,Karen,Sanchez,karen.sanchez291@yahoo.com,+1 (704) 836-44-21,Charlotte,Retail,2024-04-14
292,Sarah,Lee,sarah.lee292@yahoo.com,+1 (713) 610-61-68,Houston,Retail,2024-05-05
293,Betty,Lopez,betty.lopez293@gmail.com,+1 (415) 631-93-31,San Francisco,Wholesale,2022-05-16
294,Michael,Williams,michael.williams294@icloud.com,+1 (213) 363-23-63,Los Angeles,Retail,2024-04-01
295,Mary,Roberts,mary.roberts295@yahoo.com,+1 (704) 385-88-58,Charlotte,Retail,2023-09-19
296,Robert,Sanchez,robert.sanchez296@icloud.com,+1 (602) 694-72-24,Phoenix,Retail,2023-03-28
297,Andrew,Davis,andrew.davis297@outlook.com,+1 (214) 870-50-11,Dallas,Wholesale,2023-11-17
298,Nancy,Sanchez,nancy.sanchez298@gmail.com,+1 (317) 735-98-99,Indianapolis,Wholesale,2023-03-20
299,Mark,Anderson,mark.anderson299@icloud.com,+1 (619) 693-54-94,San Diego,Wholesale,2022-06-02
300,Susan,Walker,susan.walker300@outlook.com,+1 (206) 827-16-11,Seattle,Wholesale,2023-06-02
301,Mary,Martin,mary.martin301@yahoo.com,+1 (415) 369-19-72,San Francisco,Retail,2022-09-04
302,Kevin,Perez,kevin.perez302@icloud.com,+1 (214) 251-74-38,Dallas,Wholesale,2023-02-17
303,William,Wilson,william.wilson303@icloud.com,+1 (312) 670-66-83,Chicago,Wholesale,2022-04-01
304,Karen,Moore,karen.moore304@gmail.com,+1 (704) 523-25-73,Charlotte,Retail,2022-04-16
305,Susan,Martin,susan.martin305@gmail.com,+1 (213) 770-80-10,Los Angeles,Retail,2024-03-21
306,Robert,Scott,robert.scott306@outlook.com,+1 (202) 852-48-75,Washington,Wholesale,2023-11-02
307,Linda,Scott,linda.scott307@icloud.com,+1 (512) 572-16-38,Austin,Retail,2022-12-06
308,James,White,james.white308@yahoo.com,+1 (202) 814-70-94,Washington,Retail,2024-01-04
309,Susan,Ramirez,susan.ramirez309@yahoo.com,+1 (713) 874-38-10,Houston,Wholesale,2022-12-30
310,Margaret,Gonzalez,margaret.gonzalez310@gmail.com,+1 (408) 760-76-57,San Jose,Wholesale,2022-02-16
311,Susan,Harris,susan.harris311@yahoo.com,+1 (415) 343-62-23,San Francisco,Retail,2023-09-18
312,Timothy,Hernandez,timothy.hernandez312@outlook.com,+1 (713) 602-37-68,Houston,Retail,2024-01-04
313,Jennifer,Young,jennifer.young313@gmail.com,+1 (614) 247-91-96,Columbus,Wholesale,2024-03-01
314,Steven,Green,steven.green314@outlook.com,+1 (704) 874-85-74,Charlotte,Retail,2023-05-26
315,Paul,Martinez,paul.martinez315@icloud.com,+1 (213) 766-65-84,Los Angeles,Wholesale,2023-06-05
316,Sarah,Roberts,sarah.roberts316@gmail.com,+1 (215) 792-32-26,Philadelphia,Wholesale,2023-02-01
317,Sandra,Williams,sandra.williams317@icloud.com,+1 (202) 529-74-59,Washington,VIP,2023-09-16
318,Margaret,Rivera,margaret.rivera318@yahoo.com,+1 (619) 480-60-53,San Diego,Wholesale,2023-04-09
319,Mark,Robinson,mark.robinson319@yahoo.com,+1 (602) 622-87-99,Phoenix,Wholesale,2024-05-13
320,Ashley,Anderson,ashley.anderson320@outlook.com,+1 (512) 766-90-37,Austin,Retail,2022-08-03
321,Emily,Clark,emily.clark321@outlook.com,+1 (408) 553-96-26,San Jose,Retail,2023-05-31
322,Matthew,Young,matthew.young322@icloud.com,+1 (512) 318-55-81,Austin,Retail,2023-08-20
323,Paul,Baker,paul.baker323@icloud.com,+1 (614) 890-78-46,Columbus,Retail,2024-04-07
324,Timothy,Rivera,timothy.rivera324@gmail.com,+1 (713) 225-58-28,Houston,Retail,2023-11-18
325,George,Hernandez,george.hernandez325@yahoo.com,+1 (214) 364-46-97,Dallas,Wholesale,2022-05-30
326,Michelle,Baker,michelle.baker326@yahoo.com,+1 (408) 408-79-14,San Jose,Retail,2024-04-13
327,Kenneth,Walker,kenneth.walker327@icloud.com,+1 (202) 891-81-38,Washington,Retail,2022-09-01
328,Kimberly,Green,kimberly.green328@icloud.com,+1 (408) 880-16-58,San Jose,VIP,2023-03-03
329,Karen,Thompson,karen.thompson329@yahoo.com,+1 (512) 765-16-11,Austin,Retail,2022-07-27
330,Ronald,Brown,ronald.brown330@yahoo.com,+1 (704) 430-91-92,Charlotte,Retail,2024-02-13
331,Kimberly,Garcia,kimberly.garcia331@icloud.com,+1 (202) 401-34-47,Washington,VIP,2022-07-01
332,Kimberly,Robinson,kimberly.robinson332@gmail.com,+1 (312) 391-32-75,Chicago,Retail,2023-01-22
333,Jessica,Thomas,jessica.thomas333@outlook.com,+1 (214) 769-43-26,Dallas,Wholesale,2023-08-22
334,Brian,Perez,brian.perez334@gmail.com,+1 (212) 538-69-29,New York,VIP,2022-06-07
335,Steven,Lopez,steven.lopez335@yahoo.com,+1 (202) 252-90-88,Washington,Wholesale,2023-05-18
336,Robert,Thomas,robert.thomas336@outlook.com,+1 (206) 566-19-50,Seattle,Retail,2022-07-08
337,Edward,Sanchez,edward.sanchez337@icloud.com,+1 (317) 363-63-79,Indianapolis,Retail,2022-04-05
338,Ryan,Green,ryan.green338@yahoo.com,+1 (210) 879-52-52,San Antonio,Retail,2022-10-28
339,Ronald,Jackson,ronald.jackson339@gmail.com,+1 (202) 743-70-81,Washington,Wholesale,2022-04-28
340,Barbara,Nelson,barbara.nelson340@outlook.com,+1 (704) 446-92-88,Charlotte,Wholesale,2022-02-10
341,Sarah,Walker,sarah.walker341@yahoo.com,+1 (512) 590-24-59,Austin,Wholesale,2023-07-08
342,Daniel,Walker,daniel.walker342@icloud.com,+1 (212) 729-57-75,New York,Retail,2023-05-14
343,Ronald,Adams,ronald.adams343@gmail.com,+1 (210) 528-75-20,San Antonio,VIP,2022-06-21
344,Donald,Martin,donald.martin344@gmail.com,+1 (206) 746-10-90,Seattle,Wholesale,2022-08-04
345,Ashley,Harris,ashley.harris345@icloud.com,+1 (210) 634-23-36,San Antonio,Wholesale,2023-10-25
346,Kenneth,Wright,kenneth.wright346@yahoo.com,+1 (312) 357-13-68,Chicago,Retail,2022-02-08
347,Donald,Hill,donald.hill347@gmail.com,+1 (213) 382-42-81,Los Angeles,Wholesale,2023-08-12
348,Anthony,Scott,anthony.scott348@icloud.com,+1 (214) 617-59-67,Dallas,Retail,2023-03-20
349,Ronald,White,ronald.white349@gmail.com,+1 (817) 889-25-78,Fort Worth,Wholesale,2023-10-19
350,Matthew,Anderson,matthew.anderson350@gmail.com,+1 (312) 799-15-99,Chicago,VIP,2023-01-02
351,Michelle,Allen,michelle.allen351@gmail.com,+1 (713) 496-97-48,Houston,Wholesale,2022-10-16
352,John,Thomas,john.thomas352@gmail.com,+1 (704) 590-60-94,Charlotte,Retail,2023-05-01
353,Nancy,Allen,nancy.allen353@yahoo.com,+1 (619) 339-60-79,San Diego,Retail,2023-10-12
354,David,Anderson,david.anderson354@outlook.com,+1 (904) 211-80-81,Jacksonville,Retail,2022-05-07
355,Ronald,Carter,ronald.carter355@gmail.com,+1 (303) 810-60-78,Denver,Retail,2022-11-09
356,Edward,Nguyen,edward.nguyen356@outlook.com,+1 (904) 416-62-92,Jacksonville,Retail,2022-06-14
357,Paul,Scott,paul.scott357@outlook.com,+1 (202) 458-34-24,Washington,Wholesale,2023-11-19
358,Jennifer,Taylor,jennifer.taylor358@gmail.com,+1 (213) 762-69-92,Los Angeles,Wholesale,2022-10-25
359,Sandra,Sanchez,sandra.sanchez359@icloud.com,+1 (214) 300-35-84,Dallas,Retail,2022-12-05
360,Barbara,Campbell,barbara.campbell360@gmail.com,+1 (619) 302-46-89,San Diego,Retail,2022-07-18
361,Andrew,Roberts,andrew.roberts361@yahoo.com,+1 (704) 536-88-94,Charlotte,Retail,2023-12-12
362,Kimberly,Lewis,kimberly.lewis362@icloud.com,+1 (303) 780-56-50,Denver,Retail,2022-06-22
363,David,Hall,david.hall363@yahoo.com,+1 (619) 426-92-65,San Diego,Retail,2024-05-10
364,Jeffrey,Roberts,jeffrey.roberts364@yahoo.com,+1 (512) 691-69-67,Austin,Retail,2024-03-04
365,Jennifer,Martin,jennifer.martin365@gmail.com,+1 (206) 311-32-92,Seattle,Retail,2024-05-11
366,Brian,White,brian.white366@gmail.com,+1 (602) 751-35-43,Phoenix,Retail,2024-01-15
367,William,Rivera,william.rivera367@icloud.com,+1 (212) 719-90-13,New York,Retail,2024-02-27
368,Thomas,Torres,thomas.torres368@icloud.com,+1 (213) 764-43-79,Los Angeles,Wholesale,2023-11-01
369,Mark,Williams,mark.williams369@yahoo.com,+1 (904) 601-38-85,Jacksonville,Retail,2022-05-18
370,Emily,Perez,emily.perez370@gmail.com,+1 (317) 292-60-56,Indianapolis,Retail,2023-11-10
371,George,Flores,george.flores371@icloud.com,+1 (202) 369-75-27,Washington,Retail,2022-06-13
372,Betty,Miller,betty.miller372@yahoo.com,+1 (303) 875-28-71,Denver,Retail,2022-02-11
373,Michelle,Brown,michelle.brown373@yahoo.com,+1 (415) 437-18-43,San Francisco,Retail,2022-08-28
374,David,Allen,david.allen374@icloud.com,+1 (210) 730-56-59,San Antonio,Wholesale,2023-04-11
375,Ashley,Smith,ashley.smith375@yahoo.com,+1 (213) 864-51-23,Los Angeles,Wholesale,2024-05-04
376,Michael,Hill,michael.hill376@icloud.com,+1 (303) 757-82-32,Denver,Retail,2023-11-01
377,Donna,Hall,donna.hall377@yahoo.com,+1 (303) 869-19-76,Denver,VIP,2023-01-21
378,Sarah,Baker,sarah.baker378@yahoo.com,+1 (619) 728-61-55,San Diego,Wholesale,2023-05-14
379,Mark,Martinez,mark.martinez379@icloud.com,+1 (202) 206-74-27,Washington,Retail,2022-06-19
380,Thomas,Walker,thomas.walker380@outlook.com,+1 (317) 858-45-37,Indianapolis,Retail,2022-07-11
381,David,Williams,david.williams381@icloud.com,+1 (202) 321-94-39,Washington,Retail,2024-04-10
382,Robert,Perez,robert.perez382@icloud.com,+1 (713) 693-96-71,Houston,Retail,2022-08-04
383,Kenneth,Martinez,kenneth.martinez383@outlook.com,+1 (614) 222-41-15,Columbus,Retail,2023-08-11
384,Thomas,Gonzalez,thomas.gonzalez384@outlook.com,+1 (602) 844-75-15,Phoenix,Retail,2022-02-27
385,Emily,Martin,emily.martin385@gmail.com,+1 (215) 729-61-86,Philadelphia,Wholesale,2024-06-18
386,Timothy,Martinez,timothy.martinez386@icloud.com,+1 (408) 287-37-67,San Jose,Retail,2024-06-07
387,Emily,King,emily.king387@outlook.com,+1 (619) 620-86-28,San Diego,Wholesale,2023-10-01
388,Brian,Martinez,brian.martinez388@icloud.com,+1 (214) 371-97-53,Dallas,Retail,2023-09-03
389,Kimberly,Walker,kimberly.walker389@gmail.com,+1 (619) 587-59-26,San Diego,Retail,2022-01-17
390,Kimberly,Nguyen,kimberly.nguyen390@gmail.com,+1 (317) 629-29-87,Indianapolis,Retail,2022-07-01
391,Jeffrey,Young,jeffrey.young391@gmail.com,+1 (202) 814-14-78,Washington,Retail,2022-04-06
392,Daniel,Jackson,daniel.jackson392@icloud.com,+1 (602) 817-79-10,Phoenix,Retail,2023-06-19
393,Joseph,Anderson,joseph.anderson393@icloud.com,+1 (213) 742-64-39,Los Angeles,Wholesale,2024-03-19
394,Daniel,Nelson,daniel.nelson394@gmail.com,+1 (904) 803-99-83,Jacksonville,Retail,2023-03-12
395,Jessica,Walker,jessica.walker395@icloud.com,+1 (415) 438-20-46,San Francisco,Retail,2022-09-21
396,Robert,Carter,robert.carter396@gmail.com,+1 (212) 791-76-25,New York,Wholesale,2023-01-20
397,George,Clark,george.clark397@outlook.com,+1 (512) 618-56-23,Austin,Wholesale,2023-03-13
398,Steven,Martin,steven.martin398@yahoo.com,+1 (214) 467-78-64,Dallas,Retail,2023-09-19
399,James,King,james.king399@icloud.com,+1 (817) 408-62-80,Fort Worth,Retail,2022-07-03
400,Joseph,Wilson,joseph.wilson400@yahoo.com,+1 (206) 695-42-49,Seattle,Wholesale,2024-03-03
401,Patricia,Flores,patricia.flores401@icloud.com,+1 (602) 875-25-39,Phoenix,Wholesale,2024-03-12
402,Mark,Baker,mark.baker402@icloud.com,+1 (215) 302-37-75,Philadelphia,Retail,2024-03-15
403,Betty,Baker,betty.baker403@gmail.com,+1 (206) 828-99-97,Seattle,Retail,2022-06-14
404,Timothy,Hill,timothy.hill404@icloud.com,+1 (212) 293-28-70,New York,Retail,2022-04-01
405,Edward,Miller,edward.miller405@gmail.com,+1 (619) 579-20-87,San Diego,Retail,2024-01-12
406,Linda,Smith,linda.smith406@yahoo.com,+1 (817) 828-93-76,Fort Worth,VIP,2023-12-30
407,Elizabeth,Gonzalez,elizabeth.gonzalez407@icloud.com,+1 (213) 379-91-73,Los Angeles,Retail,2022-01-11
408,Brian,Johnson,brian.johnson408@outlook.com,+1 (317) 492-34-14,Indianapolis,Retail,2023-09-22
409,Linda,White,linda.white409@gmail.com,+1 (213) 568-40-93,Los Angeles,Retail,2022-06-11
410,Jessica,Lopez,jessica.lopez410@icloud.com,+1 (214) 609-55-95,Dallas,Retail,2023-02-20
411,Daniel,Hernandez,daniel.hernandez411@yahoo.com,+1 (317) 215-18-21,Indianapolis,Wholesale,2024-01-14
412,John,Gonzalez,john.gonzalez412@outlook.com,+1 (303) 556-54-45,Denver,VIP,2023-09-13
413,Jessica,Gonzalez,jessica.gonzalez413@yahoo.com,+1 (704) 613-83-10,Charlotte,Retail,2022-06-29
414,David,Johnson,david.johnson414@yahoo.com,+1 (713) 772-19-74,Houston,VIP,2022-12-15
415,Patricia,Lopez,patricia.lopez415@yahoo.com,+1 (317) 463-78-83,Indianapolis,Retail,2023-12-12
416,Kenneth,Wilson,kenneth.wilson416@yahoo.com,+1 (817) 776-71-41,Fort Worth,Retail,2024-03-05
417,Barbara,Williams,barbara.williams417@gmail.com,+1 (704) 800-13-71,Charlotte,Retail,2022-09-22
418,Susan,Scott,susan.scott418@yahoo.com,+1 (619) 893-99-39,San Diego,VIP,2023-02-27
419,Susan,Perez,susan.perez419@yahoo.com,+1 (317) 748-11-99,Indianapolis,Retail,2022-09-12
420,Elizabeth,Campbell,elizabeth.campbell420@outlook.com,+1 (817) 889-53-19,Fort Worth,Retail,2023-05-03
421,Jennifer,Miller,jennifer.miller421@outlook.com,+1 (210) 787-44-33,San Antonio,Wholesale,2023-05-26
422,George,Johnson,george.johnson422@outlook.com,+1 (619) 447-43-36,San Diego,Wholesale,2022-07-27
423,Jessica,Garcia,jessica.garcia423@gmail.com,+1 (202) 564-29-23,Washington,Wholesale,2022-03-22
424,Ashley,Hernandez,ashley.hernandez424@gmail.com,+1 (415) 828-10-79,San Francisco,Retail,2024-05-18
425,David,Nguyen,david.nguyen425@yahoo.com,+1 (202) 522-73-83,Washington,Retail,2023-05-18
426,Lisa,Taylor,lisa.taylor426@outlook.com,+1 (317) 486-60-38,Indianapolis,Retail,2022-02-25
427,David,Thomas,david.thomas427@yahoo.com,+1 (614) 689-79-14,Columbus,Wholesale,2023-02-08
428,David,Garcia,david.garcia428@icloud.com,+1 (215) 668-25-99,Philadelphia,Wholesale,2022-11-20
429,Mark,Jackson,mark.jackson429@gmail.com,+1 (212) 890-36-58,New York,Retail,2022-11-30
430,Kimberly,Torres,kimberly.torres430@outlook.com,+1 (214) 391-80-43,Dallas,Retail,2022-10-03
431,Emily,Taylor,emily.taylor431@icloud.com,+1 (202) 551-56-33,Washington,Retail,2023-03-11
432,Steven,Martinez,steven.martinez432@icloud.com,+1 (904) 573-61-45,Jacksonville,Retail,2022-07-04
433,Steven,Robinson,steven.robinson433@outlook.com,+1 (303) 434-22-44,Denver,Retail,2023-07-23
434,Matthew,Thomas,matthew.thomas434@icloud.com,+1 (817) 400-28-29,Fort Worth,Retail,2024-04-05
435,Emily,Baker,emily.baker435@yahoo.com,+1 (614) 711-27-90,Columbus,Retail,2024-03-15
436,Michael,Hernandez,michael.hernandez436@icloud.com,+1 (214) 775-82-16,Dallas,Wholesale,2022-04-12
437,Emily,Roberts,emily.roberts437@gmail.com,+1 (213) 420-42-70,Los Angeles,Wholesale,2023-04-06
438,Sandra,Robinson,sandra.robinson438@yahoo.com,+1 (214) 569-56-81,Dallas,Retail,2022-12-19
439,Michelle,Harris,michelle.harris439@outlook.com,+1 (713) 559-96-87,Houston,Retail,2023-08-14
440,John,Lee,john.lee440@yahoo.com,+1 (206) 378-46-55,Seattle,Retail,2023-11-21
441,Mark,Rivera,mark.rivera441@yahoo.com,+1 (704) 280-58-88,Charlotte,Retail,2023-04-20
442,George,Hill,george.hill442@icloud.com,+1 (602) 371-91-53,Phoenix,Retail,2023-10-09
443,Jeffrey,Smith,jeffrey.smith443@yahoo.com,+1 (817) 273-20-30,Fort Worth,Retail,2022-08-22
444,Nancy,Young,nancy.young444@icloud.com,+1 (408) 473-87-92,San Jose,Wholesale,2022-10-05
445,Kevin,Jones,kevin.jones445@icloud.com,+1 (904) 801-76-67,Jacksonville,Retail,2022-06-21
446,Michael,Flores,michael.flores446@yahoo.com,+1 (212) 328-40-94,New York,Wholesale,2024-02-01
447,William,Walker,william.walker447@gmail.com,+1 (312) 415-31-60,Chicago,Retail,2022-04-08
448,Emily,Lewis,emily.lewis448@icloud.com,+1 (415) 761-16-13,San Francisco,Wholesale,2023-06-21
449,Jessica,Harris,jessica.harris449@outlook.com,+1 (312) 306-43-89,Chicago,Wholesale,2022-03-28
450,Richard,Martinez,richard.martinez450@yahoo.com,+1 (817) 516-39-41,Fort Worth,Retail,2023-03-30
451,Ronald,Miller,ronald.miller451@gmail.com,+1 (602) 739-31-13,Phoenix,Retail,2023-11-11
452,Edward,Hernandez,edward.hernandez452@yahoo.com,+1 (512) 687-69-79,Austin,Retail,2023-07-16
453,Mark,Garcia,mark.garcia453@icloud.com,+1 (206) 381-85-86,Seattle,Wholesale,2023-10-09
454,Michelle,Sanchez,michelle.sanchez454@yahoo.com,+1 (303) 645-77-91,Denver,Retail,2022-12-22
455,Brian,Mitchell,brian.mitchell455@yahoo.com,+1 (619) 291-66-49,San Diego,Retail,2023-02-27
456,Steven,Walker,steven.walker456@outlook.com,+1 (408) 210-10-76,San Jose,Retail,2022-12-19
457,Nancy,Lewis,nancy.lewis457@icloud.com,+1 (206) 208-98-72,Seattle,Retail,2022-11-03
458,Robert,Lee,robert.lee458@gmail.com,+1 (614) 499-86-39,Columbus,Retail,2023-07-16
459,James,Wright,james.wright459@outlook.com,+1 (614) 774-65-60,Columbus,Wholesale,2022-06-17
460,Mary,Hernandez,mary.hernandez460@gmail.com,+1 (817) 587-38-43,Fort Worth,Retail,2023-03-09
461,James,Moore,james.moore461@yahoo.com,+1 (317) 827-98-97,Indianapolis,Retail,2022-10-19
462,William,Harris,william.harris462@gmail.com,+1 (206) 475-62-34,Seattle,Retail,2022-07-06
463,Thomas,Smith,thomas.smith463@icloud.com,+1 (713) 852-68-89,Houston,Wholesale,2022-10-06
464,Emily,Sanchez,emily.sanchez464@outlook.com,+1 (415) 392-51-12,San Francisco,VIP,2022-02-20
465,Jason,Lopez,jason.lopez465@yahoo.com,+1 (212) 390-23-46,New York,Wholesale,2022-05-09
466,Andrew,Clark,andrew.clark466@gmail.com,+1 (212) 438-21-29,New York,Retail,2023-05-21
467,Kimberly,Moore,kimberly.moore467@icloud.com,+1 (614) 519-73-57,Columbus,Wholesale,2023-12-15
468,James,Thomas,james.thomas468@yahoo.com,+1 (512) 282-28-17,Austin,Retail,2024-03-05
469,Jennifer,Rodriguez,jennifer.rodriguez469@yahoo.com,+1 (206) 681-33-34,Seattle,Retail,2024-04-16
470,Kenneth,Allen,kenneth.allen470@icloud.com,+1 (212) 324-41-59,New York,Wholesale,2022-09-11
471,Emily,Davis,emily.davis471@outlook.com,+1 (213) 403-68-22,Los Angeles,Retail,2023-04-30
472,Paul,King,paul.king472@gmail.com,+1 (408) 530-30-90,San Jose,VIP,2024-02-02
473,Linda,Hall,linda.hall473@yahoo.com,+1 (317) 325-42-71,Indianapolis,Retail,2022-07-23
474,Linda,Miller,linda.miller474@outlook.com,+1 (213) 882-37-24,Los Angeles,Retail,2023-10-11
475,Ashley,Gonzalez,ashley.gonzalez475@gmail.com,+1 (212) 371-45-84,New York,Wholesale,2023-02-10
476,George,Allen,george.allen476@icloud.com,+1 (212) 243-84-98,New York,Retail,2023-12-06
477,Elizabeth,Jones,elizabeth.jones477@icloud.com,+1 (904) 291-41-30,Jacksonville,Wholesale,2022-04-04
478,Sandra,Harris,sandra.harris478@yahoo.com,+1 (512) 840-17-17,Austin,Retail,2023-10-23
479,Kimberly,Hernandez,kimberly.hernandez479@outlook.com,+1 (206) 309-26-72,Seattle,VIP,2022-11-21
480,Anthony,Nelson,anthony.nelson480@icloud.com,+1 (904) 649-34-12,Jacksonville,Wholesale,2023-01-02
481,Richard,Ramirez,richard.ramirez481@yahoo.com,+1 (214) 240-72-66,Dallas,Wholesale,2023-07-10
482,Karen,Young,karen.young482@yahoo.com,+1 (210) 780-33-79,San Antonio,Wholesale,2022-11-28
483,William,Thompson,william.thompson483@gmail.com,+1 (214) 813-80-30,Dallas,Retail,2023-06-28
484,Richard,Anderson,richard.anderson484@icloud.com,+1 (408) 469-79-56,San Jose,Wholesale,2022-01-01
485,Ryan,Martinez,ryan.martinez485@yahoo.com,+1 (317) 588-33-12,Indianapolis,Retail,2024-03-05
486,Charles,Taylor,charles.taylor486@icloud.com,+1 (512) 264-94-78,Austin,Retail,2022-07-14
487,Thomas,Rivera,thomas.rivera487@yahoo.com,+1 (415) 764-29-88,San Francisco,Retail,2022-11-27
488,Jennifer,Thompson,jennifer.thompson488@gmail.com,+1 (512) 313-22-76,Austin,Wholesale,2022-02-14
489,Mary,Lee,mary.lee489@gmail.com,+1 (602) 382-14-35,Phoenix,Retail,2023-05-13
490,Donna,Roberts,donna.roberts490@icloud.com,+1 (213) 784-92-59,Los Angeles,Retail,2023-06-23
491,Ryan,Nelson,ryan.nelson491@outlook.com,+1 (303) 462-16-56,Denver,Wholesale,2023-09-13
492,Barbara,Roberts,barbara.roberts492@gmail.com,+1 (212) 413-93-72,New York,Wholesale,2023-04-25
493,Ashley,Moore,ashley.moore493@yahoo.com,+1 (213) 569-81-63,Los Angeles,Wholesale,2024-03-24
494,Ryan,Robinson,ryan.robinson494@gmail.com,+1 (202) 472-77-15,Washington,Retail,2024-05-04
495,Elizabeth,Nelson,elizabeth.nelson495@outlook.com,+1 (210) 731-22-22,San Antonio,Retail,2023-06-29
496,Emily,Rivera,emily.rivera496@outlook.com,+1 (210) 738-94-41,San Antonio,Wholesale,2023-07-26
497,Patricia,King,patricia.king497@yahoo.com,+1 (614) 308-91-83,Columbus,Retail,2023-11-22
498,William,Lewis,william.lewis498@icloud.com,+1 (614) 306-31-33,Columbus,Retail,2023-06-01
499,Edward,Young,edward.young499@yahoo.com,+1 (215) 746-86-66,Philadelphia,Retail,2022-11-19
500,Ronald,Wilson,ronald.wilson500@icloud.com,+1 (512) 580-62-91,Austin,Wholesale,2024-04-25
501,Jessica,Allen,jessica.allen501@outlook.com,+1 (202) 446-82-79,Washington,Wholesale,2023-01-20
502,Susan,Rivera,susan.rivera502@icloud.com,+1 (214) 568-67-67,Dallas,Wholesale,2022-01-01
503,Michelle,King,michelle.king503@outlook.com,+1 (408) 810-12-76,San Jose,Retail,2022-11-06
504,Elizabeth,Rodriguez,elizabeth.rodriguez504@yahoo.com,+1 (619) 419-50-12,San Diego,Retail,2023-07-21
505,Matthew,Rivera,matthew.rivera505@gmail.com,+1 (303) 785-29-22,Denver,Retail,2023-04-17
506,Matthew,Adams,matthew.adams506@outlook.com,+1 (602) 471-56-84,Phoenix,Retail,2022-08-27
507,Edward,Perez,edward.perez507@outlook.com,+1 (408) 294-83-61,San Jose,Retail,2024-01-22
508,Steven,Jones,steven.jones508@gmail.com,+1 (512) 694-32-72,Austin,Retail,2023-09-02
509,Betty,Flores,betty.flores509@gmail.com,+1 (213) 790-58-20,Los Angeles,Retail,2024-02-29
510,Timothy,Rodriguez,timothy.rodriguez510@gmail.com,+1 (614) 626-25-39,Columbus,Wholesale,2023-10-12
511,Steven,Williams,steven.williams511@gmail.com,+1 (817) 255-49-77,Fort Worth,Retail,2022-11-23
512,Betty,Hall,betty.hall512@outlook.com,+1 (602) 534-74-99,Phoenix,Retail,2022-06-06
513,Nancy,Hill,nancy.hill513@gmail.com,+1 (817) 656-86-83,Fort Worth,Retail,2022-08-16
514,Barbara,Harris,barbara.harris514@gmail.com,+1 (817) 351-26-53,Fort Worth,Retail,2023-05-03
515,Karen,Rivera,karen.rivera515@gmail.com,+1 (213) 761-61-43,Los Angeles,Retail,2023-02-13
516,George,Rivera,george.rivera516@outlook.com,+1 (602) 338-71-81,Phoenix,Retail,2023-05-15
517,Patricia,Sanchez,patricia.sanchez517@outlook.com,+1 (303) 400-81-88,Denver,Retail,2022-09-06
518,Patricia,Baker,patricia.baker518@gmail.com,+1 (614) 531-97-83,Columbus,Wholesale,2022-04-26
519,Elizabeth,Martin,elizabeth.martin519@yahoo.com,+1 (614) 574-54-34,Columbus,Retail,2022-12-19
520,Barbara,Perez,barbara.perez520@icloud.com,+1 (212) 512-31-54,New York,Retail,2023-10-01
521,Matthew,Lewis,matthew.lewis521@yahoo.com,+1 (213) 439-35-97,Los Angeles,Wholesale,2022-06-09
522,Steven,Clark,steven.clark522@outlook.com,+1 (312) 315-16-41,Chicago,Wholesale,2024-06-08
523,Emily,Harris,emily.harris523@gmail.com,+1 (408) 214-53-98,San Jose,Retail,2022-11-09
524,Ryan,Nguyen,ryan.nguyen524@outlook.com,+1 (212) 539-36-78,New York,Retail,2022-07-28
525,Anthony,Jackson,anthony.jackson525@outlook.com,+1 (214) 761-71-89,Dallas,Wholesale,2023-12-13
526,Mary,Scott,mary.scott526@gmail.com,+1 (212) 585-84-94,New York,Retail,2022-09-19
527,Ryan,Rodriguez,ryan.rodriguez527@yahoo.com,+1 (408) 405-99-89,San Jose,Retail,2022-02-24
528,Mary,Sanchez,mary.sanchez528@yahoo.com,+1 (212) 268-59-94,New York,Wholesale,2023-11-10
529,Jennifer,Sanchez,jennifer.sanchez529@icloud.com,+1 (904) 310-12-47,Jacksonville,VIP,2022-08-25
530,Jessica,Roberts,jessica.roberts530@gmail.com,+1 (317) 301-50-72,Indianapolis,Retail,2022-07-10
531,Donna,Walker,donna.walker531@outlook.com,+1 (704) 774-12-15,Charlotte,Retail,2023-06-27
532,Michael,Rivera,michael.rivera532@yahoo.com,+1 (415) 602-30-12,San Francisco,Retail,2023-12-02
533,Kimberly,Nelson,kimberly.nelson533@gmail.com,+1 (408) 441-74-45,San Jose,Retail,2023-10-03
534,Margaret,Walker,margaret.walker534@outlook.com,+1 (817) 230-81-45,Fort Worth,Retail,2022-06-05
535,Charles,Wright,charles.wright535@icloud.com,+1 (817) 872-27-21,Fort Worth,VIP,2023-06-18
536,Ronald,Baker,ronald.baker536@icloud.com,+1 (202) 840-97-39,Washington,Retail,2022-09-04
537,Andrew,Martinez,andrew.martinez537@icloud.com,+1 (614) 519-87-52,Columbus,Retail,2023-07-10
538,Mark,Lewis,mark.lewis538@outlook.com,+1 (602) 794-79-97,Phoenix,Retail,2024-06-02
539,Ashley,Scott,ashley.scott539@outlook.com,+1 (317) 338-65-28,Indianapolis,Retail,2022-11-22
540,Barbara,Allen,barbara.allen540@outlook.com,+1 (206) 321-33-50,Seattle,Retail,2024-01-15
541,Mark,Walker,mark.walker541@icloud.com,+1 (512) 623-62-48,Austin,VIP,2024-02-03
542,Jennifer,Mitchell,jennifer.mitchell542@outlook.com,+1 (214) 355-34-23,Dallas,Retail,2022-07-09
543,William,Miller,william.miller543@outlook.com,+1 (202) 831-44-87,Washington,Retail,2023-09-03
544,Margaret,Carter,margaret.carter544@icloud.com,+1 (212) 567-20-98,New York,Retail,2022-05-18
545,James,Nguyen,james.nguyen545@outlook.com,+1 (202) 680-93-57,Washington,Retail,2024-05-22
546,Daniel,Rivera,daniel.rivera546@outlook.com,+1 (415) 340-30-34,San Francisco,Retail,2022-02-03
547,Sarah,Rodriguez,sarah.rodriguez547@outlook.com,+1 (212) 476-62-38,New York,Retail,2024-02-15
548,Robert,Hill,robert.hill548@yahoo.com,+1 (215) 649-88-72,Philadelphia,Retail,2024-06-06
549,Kevin,Miller,kevin.miller549@icloud.com,+1 (619) 637-61-15,San Diego,Retail,2024-01-08
550,Nancy,Clark,nancy.clark550@gmail.com,+1 (202) 785-86-78,Washington,Retail,2023-06-18
551,Kenneth,Campbell,kenneth.campbell551@icloud.com,+1 (704) 243-41-76,Charlotte,Retail,2024-01-23
552,Jason,Harris,jason.harris552@outlook.com,+1 (817) 728-90-16,Fort Worth,Retail,2022-10-26
553,Donald,Gonzalez,donald.gonzalez553@icloud.com,+1 (408) 492-69-31,San Jose,Retail,2022-10-29
554,Elizabeth,Rivera,elizabeth.rivera554@icloud.com,+1 (213) 729-28-69,Los Angeles,Wholesale,2022-04-03
555,James,Rivera,james.rivera555@outlook.com,+1 (713) 384-84-99,Houston,Retail,2023-02-07
556,Robert,Torres,robert.torres556@outlook.com,+1 (704) 225-32-68,Charlotte,Retail,2023-04-11
557,Timothy,Anderson,timothy.anderson557@gmail.com,+1 (512) 864-30-25,Austin,Wholesale,2022-04-27
558,Susan,Green,susan.green558@outlook.com,+1 (904) 287-77-59,Jacksonville,Retail,2023-01-23
559,Mary,Nelson,mary.nelson559@outlook.com,+1 (213) 374-52-82,Los Angeles,Wholesale,2022-06-16
560,Ryan,Hill,ryan.hill560@yahoo.com,+1 (215) 252-63-49,Philadelphia,Wholesale,2024-01-18
561,Daniel,Sanchez,daniel.sanchez561@gmail.com,+1 (704) 495-90-33,Charlotte,VIP,2022-05-15
562,Joseph,Thomas,joseph.thomas562@icloud.com,+1 (212) 837-42-11,New York,Wholesale,2023-05-25
563,Betty,Nelson,betty.nelson563@outlook.com,+1 (206) 205-87-73,Seattle,Retail,2022-08-11
564,Brian,Anderson,brian.anderson564@gmail.com,+1 (415) 664-62-66,San Francisco,Retail,2023-09-08
565,Matthew,Walker,matthew.walker565@outlook.com,+1 (619) 760-45-89,San Diego,Retail,2022-02-20
566,Karen,Campbell,karen.campbell566@outlook.com,+1 (213) 868-54-14,Los Angeles,Retail,2024-05-24
567,Elizabeth,Smith,elizabeth.smith567@gmail.com,+1 (303) 817-48-52,Denver,Retail,2022-02-20
568,Charles,Young,charles.young568@outlook.com,+1 (215) 365-96-46,Philadelphia,Wholesale,2023-04-12
569,Joseph,Roberts,joseph.roberts569@yahoo.com,+1 (904) 236-21-48,Jacksonville,Wholesale,2023-01-13
570,Sarah,Clark,sarah.clark570@yahoo.com,+1 (312) 637-80-18,Chicago,Retail,2023-04-28
571,Jason,Thomas,jason.thomas571@outlook.com,+1 (214) 537-77-62,Dallas,Retail,2023-12-14
572,Mark,Ramirez,mark.ramirez572@gmail.com,+1 (213) 311-83-90,Los Angeles,Wholesale,2023-05-11
573,Ashley,Hill,ashley.hill573@yahoo.com,+1 (202) 494-64-87,Washington,Retail,2022-09-23
574,Margaret,Green,margaret.green574@icloud.com,+1 (202) 562-26-88,Washington,Wholesale,2023-06-17
575,Christopher,Hill,christopher.hill575@outlook.com,+1 (415) 704-33-88,San Francisco,Retail,2023-12-27
576,Patricia,Garcia,patricia.garcia576@icloud.com,+1 (210) 201-25-13,San Antonio,Wholesale,2023-10-03
577,Lisa,Rivera,lisa.rivera577@gmail.com,+1 (210) 830-63-62,San Antonio,Retail,2022-12-08
578,Donald,Perez,donald.perez578@yahoo.com,+1 (210) 211-91-35,San Antonio,Wholesale,2022-09-18
579,John,Nguyen,john.nguyen579@yahoo.com,+1 (408) 507-74-80,San Jose,Retail,2024-02-25
580,Michael,Adams,michael.adams580@gmail.com,+1 (512) 549-60-82,Austin,Retail,2024-05-02
581,Thomas,Clark,thomas.clark581@icloud.com,+1 (512) 546-96-71,Austin,Retail,2024-03-27
582,William,Campbell,william.campbell582@icloud.com,+1 (602) 693-29-90,Phoenix,Retail,2024-06-04
583,Joseph,Lopez,joseph.lopez583@yahoo.com,+1 (512) 673-62-17,Austin,Wholesale,2023-08-02
584,Lisa,Anderson,lisa.anderson584@outlook.com,+1 (512) 768-78-12,Austin,Wholesale,2023-08-15
585,Kevin,Green,kevin.green585@gmail.com,+1 (904) 267-29-45,Jacksonville,VIP,2022-12-14
586,Timothy,Jones,timothy.jones586@icloud.com,+1 (206) 369-83-87,Seattle,Retail,2022-07-11
587,Margaret,Johnson,margaret.johnson587@icloud.com,+1 (408) 522-14-44,San Jose,Retail,2022-03-30
588,Linda,Lopez,linda.lopez588@outlook.com,+1 (619) 580-67-48,San Diego,Retail,2023-06-22
589,Linda,Nelson,linda.nelson589@gmail.com,+1 (713) 583-14-35,Houston,Retail,2023-03-31
590,Christopher,Ramirez,christopher.ramirez590@yahoo.com,+1 (415) 712-29-34,San Francisco,Wholesale,2023-05-11
591,Ronald,Garcia,ronald.garcia591@gmail.com,+1 (317) 517-51-28,Indianapolis,VIP,2024-04-21
592,Christopher,Carter,christopher.carter592@gmail.com,+1 (317) 892-26-36,Indianapolis,Retail,2023-04-16
593,Michelle,Jones,michelle.jones593@gmail.com,+1 (317) 318-10-49,Indianapolis,Wholesale,2023-12-05
594,Ryan,Brown,ryan.brown594@gmail.com,+1 (312) 541-69-15,Chicago,Wholesale,2023-06-18
595,John,Anderson,john.anderson595@outlook.com,+1 (408) 223-83-49,San Jose,Retail,2022-11-25
596,Ryan,Carter,ryan.carter596@icloud.com,+1 (408) 483-78-50,San Jose,Retail,2023-11-19
597,Elizabeth,Taylor,elizabeth.taylor597@gmail.com,+1 (602) 361-45-24,Phoenix,Retail,2023-09-30
598,Mark,Campbell,mark.campbell598@yahoo.com,+1 (713) 411-79-54,Houston,Retail,2022-10-05
599,James,Carter,james.carter599@gmail.com,+1 (408) 787-41-31,San Jose,Retail,2022-11-15
600,Donna,Anderson,donna.anderson600@outlook.com,+1 (512) 753-66-16,Austin,Retail,2022-01-30
601,Linda,Allen,linda.allen601@gmail.com,+1 (213) 308-59-16,Los Angeles,Retail,2023-03-13
602,Jeffrey,Hall,jeffrey.hall602@icloud.com,+1 (202) 806-90-98,Washington,Retail,2023-09-24
603,Ashley,Nguyen,ashley.nguyen603@gmail.com,+1 (512) 402-95-78,Austin,Wholesale,2024-02-13
604,Timothy,Adams,timothy.adams604@icloud.com,+1 (303) 334-21-99,Denver,Retail,2022-04-10
605,Betty,Rivera,betty.rivera605@outlook.com,+1 (704) 681-39-38,Charlotte,Wholesale,2024-05-31
606,Karen,Robinson,karen.robinson606@yahoo.com,+1 (214) 572-60-33,Dallas,Wholesale,2024-03-18
607,Jennifer,Robinson,jennifer.robinson607@gmail.com,+1 (512) 664-72-13,Austin,Retail,2023-05-02
608,Brian,Wilson,brian.wilson608@yahoo.com,+1 (415) 672-31-46,San Francisco,Retail,2023-09-11
609,Jeffrey,Miller,jeffrey.miller609@yahoo.com,+1 (317) 305-61-23,Indianapolis,Retail,2023-07-24
610,Paul,Jones,paul.jones610@icloud.com,+1 (408) 745-69-61,San Jose,Retail,2022-09-02
611,Jason,Allen,jason.allen611@gmail.com,+1 (206) 362-71-59,Seattle,Retail,2022-12-15
612,Mary,Miller,mary.miller612@yahoo.com,+1 (303) 641-65-82,Denver,Wholesale,2023-07-12
613,Brian,Allen,brian.allen613@icloud.com,+1 (215) 878-95-19,Philadelphia,Retail,2022-04-28
614,Kenneth,Carter,kenneth.carter614@icloud.com,+1 (704) 533-81-22,Charlotte,Retail,2022-06-30
615,Jessica,Martinez,jessica.martinez615@icloud.com,+1 (817) 271-86-23,Fort Worth,Retail,2022-12-02
616,Jason,Campbell,jason.campbell616@gmail.com,+1 (213) 292-37-27,Los Angeles,Retail,2024-02-15
617,Karen,King,karen.king617@icloud.com,+1 (602) 663-78-47,Phoenix,Retail,2023-09-23
618,Lisa,Wright,lisa.wright618@yahoo.com,+1 (210) 410-97-50,San Antonio,Wholesale,2023-08-07
619,Susan,Baker,susan.baker619@gmail.com,+1 (408) 645-54-21,San Jose,VIP,2023-09-19
620,Mark,Brown,mark.brown620@yahoo.com,+1 (817) 330-47-17,Fort Worth,VIP,2023-07-17
621,Paul,Garcia,paul.garcia621@yahoo.com,+1 (212) 773-55-24,New York,Retail,2024-06-05
622,Susan,Gonzalez,susan.gonzalez622@yahoo.com,+1 (614) 804-60-90,Columbus,Retail,2023-12-30
623,Betty,Young,betty.young623@outlook.com,+1 (817) 645-79-37,Fort Worth,Retail,2023-05-02
624,Donna,Nelson,donna.nelson624@outlook.com,+1 (206) 593-56-63,Seattle,VIP,2022-10-23
625,Mary,Hill,mary.hill625@gmail.com,+1 (602) 337-11-19,Phoenix,Wholesale,2022-05-28
626,Donna,Martin,donna.martin626@gmail.com,+1 (415) 873-65-27,San Francisco,Retail,2022-05-21
627,Michelle,Torres,michelle.torres627@icloud.com,+1 (614) 666-99-87,Columbus,Retail,2023-10-01
628,George,Rodriguez,george.rodriguez628@icloud.com,+1 (317) 634-80-67,Indianapolis,Retail,2022-12-30
629,Donald,Smith,donald.smith629@icloud.com,+1 (614) 819-10-83,Columbus,Wholesale,2024-05-17
630,Paul,Davis,paul.davis630@yahoo.com,+1 (317) 475-62-79,Indianapolis,VIP,2022-02-04
631,Nancy,Roberts,nancy.roberts631@icloud.com,+1 (303) 694-57-24,Denver,Retail,2023-12-09
632,Donald,Davis,donald.davis632@gmail.com,+1 (317) 486-69-76,Indianapolis,Wholesale,2023-06-20
633,Kevin,White,kevin.white633@gmail.com,+1 (312) 451-70-90,Chicago,Retail,2023-12-02
634,John,Jones,john.jones634@yahoo.com,+1 (303) 519-88-16,Denver,Wholesale,2023-07-02
635,Linda,Clark,linda.clark635@yahoo.com,+1 (415) 664-75-70,San Francisco,Retail,2023-03-08
636,James,Ramirez,james.ramirez636@yahoo.com,+1 (408) 496-31-14,San Jose,Wholesale,2024-01-15
637,Sandra,Walker,sandra.walker637@outlook.com,+1 (214) 262-90-70,Dallas,Retail,2023-08-10
638,Jessica,Nguyen,jessica.nguyen638@icloud.com,+1 (408) 839-13-46,San Jose,Retail,2022-03-26
639,William,Ramirez,william.ramirez639@yahoo.com,+1 (312) 484-42-26,Chicago,Wholesale,2022-10-09
640,Lisa,Hernandez,lisa.hernandez640@outlook.com,+1 (212) 314-87-32,New York,Retail,2023-11-06
641,Paul,Flores,paul.flores641@icloud.com,+1 (215) 467-99-40,Philadelphia,Wholesale,2022-07-05
642,Kevin,Flores,kevin.flores642@outlook.com,+1 (213) 551-20-28,Los Angeles,Retail,2024-05-07
643,Kimberly,Scott,kimberly.scott643@icloud.com,+1 (614) 592-40-94,Columbus,Retail,2024-01-14
644,Paul,Thomas,paul.thomas644@yahoo.com,+1 (210) 791-54-16,San Antonio,Wholesale,2024-02-13
645,Jason,Anderson,jason.anderson645@icloud.com,+1 (213) 371-69-61,Los Angeles,Retail,2022-11-05
646,Betty,Robinson,betty.robinson646@icloud.com,+1 (206) 439-58-97,Seattle,Retail,2023-05-01
647,John,Scott,john.scott647@icloud.com,+1 (317) 645-11-46,Indianapolis,Wholesale,2023-01-27
648,Kimberly,Allen,kimberly.allen648@yahoo.com,+1 (317) 899-15-22,Indianapolis,Retail,2024-05-14
649,Sarah,Lewis,sarah.lewis649@gmail.com,+1 (214) 543-44-44,Dallas,Wholesale,2022-09-19
650,Christopher,Lewis,christopher.lewis650@outlook.com,+1 (817) 672-96-40,Fort Worth,Retail,2023-06-17
651,Ronald,Hall,ronald.hall651@gmail.com,+1 (215) 520-80-11,Philadelphia,Retail,2024-05-01
652,Kevin,Wilson,kevin.wilson652@icloud.com,+1 (614) 300-77-23,Columbus,Retail,2022-12-26
653,Joseph,Walker,joseph.walker653@gmail.com,+1 (408) 457-34-14,San Jose,Retail,2023-09-27
654,Linda,Rivera,linda.rivera654@gmail.com,+1 (202) 872-37-86,Washington,VIP,2023-12-27
655,Linda,Flores,linda.flores655@outlook.com,+1 (312) 819-26-58,Chicago,Wholesale,2022-04-24
656,David,Miller,david.miller656@gmail.com,+1 (214) 501-69-94,Dallas,Retail,2023-10-17
657,Barbara,Jackson,barbara.jackson657@yahoo.com,+1 (214) 637-98-95,Dallas,Retail,2022-09-21
658,Donald,Flores,donald.flores658@icloud.com,+1 (312) 483-17-58,Chicago,VIP,2022-12-07
659,Jason,Smith,jason.smith659@gmail.com,+1 (214) 471-32-66,Dallas,VIP,2023-05-19
660,Kevin,Hill,kevin.hill660@icloud.com,+1 (210) 824-60-32,San Antonio,Retail,2022-04-22
661,Thomas,Lewis,thomas.lewis661@gmail.com,+1 (614) 423-88-92,Columbus,Wholesale,2023-03-29
662,Christopher,Green,christopher.green662@yahoo.com,+1 (713) 235-19-19,Houston,Retail,2024-03-06
663,Lisa,Thomas,lisa.thomas663@gmail.com,+1 (415) 352-93-91,San Francisco,Wholesale,2022-02-08
664,Kimberly,Lee,kimberly.lee664@icloud.com,+1 (214) 355-99-52,Dallas,Retail,2023-08-12
665,Edward,Anderson,edward.anderson665@gmail.com,+1 (415) 689-65-61,San Francisco,Retail,2023-07-08
666,Barbara,Rivera,barbara.rivera666@yahoo.com,+1 (817) 693-25-82,Fort Worth,Wholesale,2022-12-08
667,Jessica,Campbell,jessica.campbell667@gmail.com,+1 (817) 256-90-92,Fort Worth,Retail,2023-01-10
668,Daniel,Wright,daniel.wright668@outlook.com,+1 (512) 282-68-47,Austin,Retail,2022-06-30
669,Joseph,Clark,joseph.clark669@icloud.com,+1 (817) 876-34-48,Fort Worth,Retail,2022-04-20
670,Kenneth,Hall,kenneth.hall670@icloud.com,+1 (904) 698-20-90,Jacksonville,Retail,2024-01-23
671,Mary,Anderson,mary.anderson671@outlook.com,+1 (213) 397-13-85,Los Angeles,Retail,2023-05-16
672,Mark,Hernandez,mark.hernandez672@icloud.com,+1 (206) 858-49-73,Seattle,Retail,2022-01-17
673,Linda,Davis,linda.davis673@gmail.com,+1 (213) 545-15-61,Los Angeles,Wholesale,2022-08-05
674,Jeffrey,Nguyen,jeffrey.nguyen674@outlook.com,+1 (317) 669-96-78,Indianapolis,Retail,2024-01-29
675,Sandra,Nguyen,sandra.nguyen675@gmail.com,+1 (312) 237-28-72,Chicago,VIP,2023-04-28
676,Jason,Torres,jason.torres676@outlook.com,+1 (202) 246-41-99,Washington,Retail,2022-01-15
677,Mary,Lewis,mary.lewis677@outlook.com,+1 (213) 514-22-68,Los Angeles,Retail,2024-05-05
678,Nancy,Anderson,nancy.anderson678@outlook.com,+1 (713) 316-73-86,Houston,Wholesale,2022-03-06
679,Charles,Jones,charles.jones679@yahoo.com,+1 (614) 545-96-61,Columbus,VIP,2022-05-04
680,William,Baker,william.baker680@outlook.com,+1 (303) 758-27-51,Denver,Retail,2024-02-22
681,Joseph,White,joseph.white681@yahoo.com,+1 (215) 543-18-25,Philadelphia,Wholesale,2022-05-25
682,Ashley,Martin,ashley.martin682@icloud.com,+1 (215) 578-80-31,Philadelphia,VIP,2022-09-07
683,Ronald,Rodriguez,ronald.rodriguez683@icloud.com,+1 (213) 336-22-90,Los Angeles,Retail,2024-03-07
684,Joshua,Taylor,joshua.taylor684@outlook.com,+1 (415) 282-10-10,San Francisco,Wholesale,2022-04-02
685,Michael,Martin,michael.martin685@icloud.com,+1 (303) 490-63-98,Denver,Retail,2023-12-10
686,Steven,Young,steven.young686@icloud.com,+1 (602) 855-44-76,Phoenix,Retail,2023-02-26
687,Kimberly,Jackson,kimberly.jackson687@outlook.com,+1 (215) 825-98-14,Philadelphia,Retail,2024-01-05
688,Patricia,Anderson,patricia.anderson688@icloud.com,+1 (312) 842-48-54,Chicago,Retail,2022-01-05
689,Michael,Davis,michael.davis689@yahoo.com,+1 (210) 320-77-22,San Antonio,Wholesale,2024-06-02
690,Jeffrey,Green,jeffrey.green690@outlook.com,+1 (206) 719-38-69,Seattle,Retail,2022-10-11
691,Jason,Hill,jason.hill691@icloud.com,+1 (713) 352-97-70,Houston,Retail,2022-06-30
692,Kimberly,Young,kimberly.young692@yahoo.com,+1 (213) 255-92-56,Los Angeles,Retail,2022-08-03
693,Michelle,Scott,michelle.scott693@gmail.com,+1 (512) 831-68-15,Austin,Retail,2024-01-29
694,Richard,Hall,richard.hall694@icloud.com,+1 (206) 380-30-13,Seattle,Retail,2023-06-12
695,Kimberly,Johnson,kimberly.johnson695@yahoo.com,+1 (619) 655-85-84,San Diego,Retail,2023-03-06
696,Ronald,Davis,ronald.davis696@outlook.com,+1 (512) 435-24-51,Austin,Retail,2022-04-11
697,Edward,Mitchell,edward.mitchell697@gmail.com,+1 (614) 404-58-38,Columbus,Retail,2023-04-28
698,Daniel,Williams,daniel.williams698@icloud.com,+1 (213) 646-28-37,Los Angeles,Retail,2022-07-02
699,Steven,Johnson,steven.johnson699@yahoo.com,+1 (602) 668-34-90,Phoenix,Retail,2022-10-04
700,Kimberly,Flores,kimberly.flores700@gmail.com,+1 (602) 232-98-82,Phoenix,Retail,2022-10-15
701,Jennifer,Clark,jennifer.clark701@yahoo.com,+1 (704) 669-63-31,Charlotte,Wholesale,2022-08-14
702,Andrew,Gonzalez,andrew.gonzalez702@outlook.com,+1 (202) 360-91-88,Washington,VIP,2023-08-15
703,Karen,Brown,karen.brown703@icloud.com,+1 (619) 288-62-76,San Diego,VIP,2024-06-01
704,Kimberly,Gonzalez,kimberly.gonzalez704@gmail.com,+1 (303) 684-69-45,Denver,Retail,2024-01-18
705,William,Young,william.young705@outlook.com,+1 (619) 453-51-65,San Diego,VIP,2023-08-29
706,Michael,Campbell,michael.campbell706@gmail.com,+1 (303) 205-63-15,Denver,Wholesale,2023-04-27
707,Karen,Martin,karen.martin707@icloud.com,+1 (317) 234-64-77,Indianapolis,Wholesale,2023-05-06
708,Joshua,Campbell,joshua.campbell708@gmail.com,+1 (713) 663-73-40,Houston,Wholesale,2023-07-26
709,William,Martin,william.martin709@yahoo.com,+1 (614) 423-26-55,Columbus,Retail,2022-09-02
710,Edward,Martinez,edward.martinez710@yahoo.com,+1 (312) 216-71-95,Chicago,Wholesale,2022-06-15
711,Jeffrey,Gonzalez,jeffrey.gonzalez711@icloud.com,+1 (303) 797-13-68,Denver,Retail,2024-03-01
712,Nancy,Davis,nancy.davis712@icloud.com,+1 (817) 389-57-90,Fort Worth,Retail,2023-12-22
713,James,Jackson,james.jackson713@gmail.com,+1 (312) 594-98-52,Chicago,Retail,2022-10-31
714,Margaret,Miller,margaret.miller714@outlook.com,+1 (214) 827-79-83,Dallas,Wholesale,2024-03-17
715,Sandra,Hernandez,sandra.hernandez715@yahoo.com,+1 (202) 543-17-75,Washington,Retail,2022-02-22
716,Emily,Moore,emily.moore716@yahoo.com,+1 (904) 676-89-15,Jacksonville,Retail,2023-01-11
717,Mark,Thompson,mark.thompson717@outlook.com,+1 (206) 268-81-36,Seattle,Retail,2022-12-09
718,Paul,Lopez,paul.lopez718@outlook.com,+1 (713) 864-71-84,Houston,Wholesale,2024-02-11
719,John,Rivera,john.rivera719@icloud.com,+1 (619) 528-55-44,San Diego,Retail,2022-10-11
720,Joshua,Garcia,joshua.garcia720@gmail.com,+1 (904) 553-67-72,Jacksonville,Wholesale,2023-04-27
721,Mark,Johnson,mark.johnson721@yahoo.com,+1 (206) 499-67-89,Seattle,Wholesale,2024-03-30
722,Betty,Green,betty.green722@gmail.com,+1 (312) 392-68-21,Chicago,Wholesale,2023-02-05
723,Anthony,Torres,anthony.torres723@yahoo.com,+1 (408) 278-23-31,San Jose,Wholesale,2022-04-25
724,Brian,Hernandez,brian.hernandez724@gmail.com,+1 (415) 354-36-76,San Francisco,Retail,2022-10-28
725,Ashley,Williams,ashley.williams725@icloud.com,+1 (206) 335-70-54,Seattle,Wholesale,2023-03-31
726,Emily,Brown,emily.brown726@gmail.com,+1 (212) 498-34-18,New York,Wholesale,2024-06-11
727,Timothy,Robinson,timothy.robinson727@yahoo.com,+1 (317) 860-52-62,Indianapolis,Retail,2023-11-03
728,Jason,Roberts,jason.roberts728@icloud.com,+1 (512) 697-85-95,Austin,Retail,2023-04-14
729,Mark,Nguyen,mark.nguyen729@outlook.com,+1 (602) 513-31-43,Phoenix,Retail,2023-05-11
730,Kenneth,Perez,kenneth.perez730@yahoo.com,+1 (408) 248-28-55,San Jose,VIP,2023-04-12
731,Betty,King,betty.king731@outlook.com,+1 (202) 364-78-46,Washington,Wholesale,2022-06-29
732,Matthew,Martinez,matthew.martinez732@gmail.com,+1 (602) 365-40-24,Phoenix,Retail,2022-11-21
733,Brian,Carter,brian.carter733@outlook.com,+1 (704) 466-57-33,Charlotte,Wholesale,2023-07-30
734,Ashley,Wilson,ashley.wilson734@icloud.com,+1 (512) 552-28-57,Austin,VIP,2023-07-07
735,Anthony,Lewis,anthony.lewis735@icloud.com,+1 (206) 508-25-13,Seattle,Wholesale,2023-05-27
736,Mark,Thomas,mark.thomas736@yahoo.com,+1 (704) 527-29-10,Charlotte,Wholesale,2023-10-25
737,Patricia,Wright,patricia.wright737@outlook.com,+1 (415) 496-83-95,San Francisco,Retail,2024-03-29
738,Barbara,Adams,barbara.adams738@icloud.com,+1 (704) 546-98-24,Charlotte,Retail,2022-02-11
739,Timothy,Moore,timothy.moore739@icloud.com,+1 (206) 319-49-13,Seattle,Wholesale,2023-09-25
740,Robert,Hall,robert.hall740@gmail.com,+1 (704) 565-21-51,Charlotte,Retail,2023-09-15
741,Kimberly,Jones,kimberly.jones741@outlook.com,+1 (303) 739-38-45,Denver,Retail,2022-01-24
742,Patricia,Johnson,patricia.johnson742@icloud.com,+1 (704) 893-95-21,Charlotte,Retail,2022-07-19
743,Emily,Jones,emily.jones743@yahoo.com,+1 (202) 819-75-17,Washington,Retail,2023-02-12
744,Lisa,Garcia,lisa.garcia744@gmail.com,+1 (614) 578-59-57,Columbus,Retail,2022-10-19
745,Timothy,Nelson,timothy.nelson745@outlook.com,+1 (408) 656-81-21,San Jose,Wholesale,2024-01-16
746,Kevin,Roberts,kevin.roberts746@icloud.com,+1 (614) 653-46-30,Columbus,Wholesale,2024-01-17
747,Brian,Wright,brian.wright747@outlook.com,+1 (602) 801-86-21,Phoenix,Retail,2022-08-01
748,Brian,Davis,brian.davis748@icloud.com,+1 (317) 543-18-85,Indianapolis,Retail,2022-04-01
749,Donna,Jones,donna.jones749@icloud.com,+1 (214) 624-32-81,Dallas,Retail,2023-12-29
750,Joshua,Hernandez,joshua.hernandez750@yahoo.com,+1 (602) 404-33-58,Phoenix,Retail,2023-07-22
751,Joseph,Rivera,joseph.rivera751@icloud.com,+1 (408) 799-48-73,San Jose,Retail,2022-08-18
752,Joshua,Rodriguez,joshua.rodriguez752@icloud.com,+1 (212) 357-43-48,New York,Wholesale,2022-05-08
753,Elizabeth,Walker,elizabeth.walker753@outlook.com,+1 (408) 627-32-72,San Jose,Retail,2022-01-30
754,Betty,Wilson,betty.wilson754@yahoo.com,+1 (214) 704-18-86,Dallas,Retail,2023-08-19
755,Richard,Nguyen,richard.nguyen755@icloud.com,+1 (614) 464-90-97,Columbus,Wholesale,2023-12-12
756,Sarah,Thompson,sarah.thompson756@yahoo.com,+1 (904) 724-83-12,Jacksonville,Retail,2022-06-16
757,Richard,Nelson,richard.nelson757@outlook.com,+1 (602) 527-69-98,Phoenix,Retail,2023-01-01
758,Ryan,Miller,ryan.miller758@yahoo.com,+1 (214) 569-63-91,Dallas,Retail,2022-02-19
759,Kevin,Hall,kevin.hall759@outlook.com,+1 (317) 854-19-75,Indianapolis,Retail,2024-02-24
760,Joshua,Wright,joshua.wright760@yahoo.com,+1 (713) 813-31-79,Houston,Retail,2024-06-12
761,Karen,Roberts,karen.roberts761@yahoo.com,+1 (408) 477-97-99,San Jose,Retail,2022-04-09
762,Lisa,Brown,lisa.brown762@yahoo.com,+1 (904) 347-11-27,Jacksonville,Wholesale,2023-01-17
763,Richard,Campbell,richard.campbell763@outlook.com,+1 (614) 548-30-23,Columbus,Retail,2022-06-08
764,Michelle,Anderson,michelle.anderson764@gmail.com,+1 (210) 772-88-98,San Antonio,Retail,2023-03-04
765,Michelle,Lopez,michelle.lopez765@icloud.com,+1 (312) 319-26-12,Chicago,Retail,2022-12-23
766,David,Flores,david.flores766@yahoo.com,+1 (904) 342-66-86,Jacksonville,Wholesale,2022-06-26
767,Joseph,Young,joseph.young767@outlook.com,+1 (212) 321-38-26,New York,Retail,2023-12-06
768,Sandra,Thomas,sandra.thomas768@icloud.com,+1 (602) 414-26-20,Phoenix,Wholesale,2023-12-09
769,Sandra,Moore,sandra.moore769@icloud.com,+1 (713) 279-12-71,Houston,Retail,2022-02-13
770,Matthew,Harris,matthew.harris770@gmail.com,+1 (213) 875-75-85,Los Angeles,Retail,2023-04-26
771,Margaret,Hernandez,margaret.hernandez771@gmail.com,+1 (214) 244-18-48,Dallas,Retail,2024-02-12
772,Betty,Lee,betty.lee772@outlook.com,+1 (713) 816-36-85,Houston,Wholesale,2022-07-09
773,Kimberly,Wilson,kimberly.wilson773@yahoo.com,+1 (212) 292-28-45,New York,Retail,2022-12-27
774,Barbara,Scott,barbara.scott774@gmail.com,+1 (317) 827-40-74,Indianapolis,Wholesale,2022-04-12
775,Kenneth,Rivera,kenneth.rivera775@yahoo.com,+1 (212) 741-37-34,New York,VIP,2022-06-25
776,Edward,Jones,edward.jones776@icloud.com,+1 (206) 204-22-37,Seattle,Wholesale,2023-01-11
777,Sarah,Martin,sarah.martin777@outlook.com,+1 (215) 650-96-23,Philadelphia,Retail,2024-05-04
778,Michael,Clark,michael.clark778@outlook.com,+1 (817) 634-37-75,Fort Worth,Retail,2023-02-22
779,Margaret,Rodriguez,margaret.rodriguez779@outlook.com,+1 (512) 326-69-24,Austin,Wholesale,2023-05-23
780,Elizabeth,Hill,elizabeth.hill780@yahoo.com,+1 (408) 770-15-20,San Jose,Retail,2023-05-21
781,Patricia,Nguyen,patricia.nguyen781@icloud.com,+1 (408) 667-86-49,San Jose,Retail,2022-08-20
782,Lisa,Roberts,lisa.roberts782@icloud.com,+1 (408) 638-34-18,San Jose,Retail,2023-11-27
783,Joseph,Johnson,joseph.johnson783@gmail.com,+1 (212) 890-72-96,New York,Retail,2023-02-10
784,Paul,Miller,paul.miller784@icloud.com,+1 (312) 322-28-60,Chicago,Retail,2023-12-13
785,Charles,Lopez,charles.lopez785@outlook.com,+1 (713) 372-18-56,Houston,Retail,2022-12-13
786,Elizabeth,Hall,elizabeth.hall786@icloud.com,+1 (817) 325-39-64,Fort Worth,Wholesale,2022-10-13
787,Ryan,Jones,ryan.jones787@icloud.com,+1 (303) 807-44-92,Denver,Retail,2022-12-31
788,Linda,Lee,linda.lee788@yahoo.com,+1 (202) 614-72-75,Washington,Wholesale,2022-05-31
789,Brian,Lee,brian.lee789@icloud.com,+1 (713) 325-42-72,Houston,Retail,2022-08-25
790,Betty,Jackson,betty.jackson790@gmail.com,+1 (602) 230-22-16,Phoenix,Wholesale,2023-05-26
791,Michelle,Hernandez,michelle.hernandez791@yahoo.com,+1 (215) 591-87-96,Philadelphia,Retail,2022-06-06
792,Emily,Hill,emily.hill792@icloud.com,+1 (202) 298-19-94,Washington,Retail,2024-03-22
793,Anthony,Moore,anthony.moore793@yahoo.com,+1 (408) 877-73-72,San Jose,Retail,2023-07-10
794,Karen,Johnson,karen.johnson794@icloud.com,+1 (206) 759-12-14,Seattle,Retail,2022-05-02
795,Jeffrey,Jackson,jeffrey.jackson795@gmail.com,+1 (512) 585-66-68,Austin,Retail,2022-02-03
796,Donna,Torres,donna.torres796@outlook.com,+1 (408) 368-72-65,San Jose,Wholesale,2022-11-16
797,Donald,Miller,donald.miller797@icloud.com,+1 (415) 312-82-96,San Francisco,Retail,2023-11-07
798,Sarah,Flores,sarah.flores798@outlook.com,+1 (206) 785-70-70,Seattle,Retail,2023-06-03
799,Daniel,Hall,daniel.hall799@yahoo.com,+1 (214) 706-85-58,Dallas,VIP,2024-02-24
800,Sarah,Adams,sarah.adams800@gmail.com,+1 (512) 262-13-85,Austin,Wholesale,2022-05-12
801,Joseph,Baker,joseph.baker801@yahoo.com,+1 (904) 797-13-90,Jacksonville,Retail,2023-01-25
802,Mary,Martinez,mary.martinez802@gmail.com,+1 (904) 565-62-54,Jacksonville,Retail,2023-11-09
803,Patricia,Walker,patricia.walker803@gmail.com,+1 (619) 863-49-85,San Diego,Retail,2023-12-06
804,Mary,Harris,mary.harris804@gmail.com,+1 (408) 317-53-31,San Jose,Retail,2023-07-06
805,George,Wright,george.wright805@icloud.com,+1 (704) 873-64-82,Charlotte,Retail,2022-10-01
806,Nancy,Flores,nancy.flores806@icloud.com,+1 (415) 802-12-50,San Francisco,Retail,2023-08-08
807,Paul,Thompson,paul.thompson807@outlook.com,+1 (303) 300-72-22,Denver,Retail,2022-12-11
808,Jennifer,Johnson,jennifer.johnson808@yahoo.com,+1 (512) 370-88-48,Austin,Retail,2023-03-23
809,Jennifer,Lopez,jennifer.lopez809@yahoo.com,+1 (312) 748-37-46,Chicago,Retail,2022-02-18
810,Karen,Anderson,karen.anderson810@gmail.com,+1 (303) 611-38-89,Denver,Wholesale,2024-01-05
811,Sandra,Johnson,sandra.johnson811@gmail.com,+1 (713) 806-53-44,Houston,Wholesale,2023-08-04
812,Elizabeth,Torres,elizabeth.torres812@gmail.com,+1 (415) 637-36-54,San Francisco,Wholesale,2023-10-30
813,Linda,Gonzalez,linda.gonzalez813@yahoo.com,+1 (317) 507-65-94,Indianapolis,Retail,2022-07-24
814,Paul,Robinson,paul.robinson814@outlook.com,+1 (214) 839-75-68,Dallas,Retail,2022-01-20
815,Jessica,Perez,jessica.perez815@outlook.com,+1 (317) 391-83-73,Indianapolis,VIP,2023-11-08
816,Christopher,Martin,christopher.martin816@icloud.com,+1 (704) 474-91-78,Charlotte,Wholesale,2023-08-03
817,Barbara,Smith,barbara.smith817@icloud.com,+1 (213) 734-35-56,Los Angeles,Retail,2022-06-01
818,John,Davis,john.davis818@gmail.com,+1 (408) 645-62-50,San Jose,Retail,2023-10-12
819,Ronald,Hernandez,ronald.hernandez819@outlook.com,+1 (614) 473-46-92,Columbus,Wholesale,2022-09-20
820,Margaret,Nelson,margaret.nelson820@outlook.com,+1 (619) 615-40-24,San Diego,Retail,2022-07-16
821,Patricia,Campbell,patricia.campbell821@icloud.com,+1 (408) 675-72-81,San Jose,Retail,2023-03-09
822,Patricia,Carter,patricia.carter822@outlook.com,+1 (213) 406-30-44,Los Angeles,Retail,2022-01-30
823,Linda,Rodriguez,linda.rodriguez823@gmail.com,+1 (214) 874-80-32,Dallas,Retail,2024-01-10
824,Joshua,Lee,joshua.lee824@yahoo.com,+1 (212) 256-20-50,New York,Retail,2024-06-06
825,Ryan,Campbell,ryan.campbell825@gmail.com,+1 (614) 572-95-94,Columbus,VIP,2023-02-11
826,John,Martin,john.martin826@gmail.com,+1 (602) 441-24-83,Phoenix,Wholesale,2023-06-19
827,Charles,Smith,charles.smith827@gmail.com,+1 (303) 737-42-73,Denver,Retail,2022-09-01
828,Sandra,Flores,sandra.flores828@outlook.com,+1 (512) 537-84-59,Austin,Retail,2023-03-10
829,Ronald,Robinson,ronald.robinson829@icloud.com,+1 (713) 379-37-45,Houston,Retail,2023-02-23
830,Matthew,Nelson,matthew.nelson830@yahoo.com,+1 (303) 257-72-78,Denver,VIP,2023-12-18
831,Richard,Walker,richard.walker831@outlook.com,+1 (512) 758-64-70,Austin,Wholesale,2022-10-12
832,Kenneth,Adams,kenneth.adams832@yahoo.com,+1 (602) 571-70-57,Phoenix,Retail,2022-01-22
833,Anthony,Smith,anthony.smith833@outlook.com,+1 (202) 235-94-16,Washington,Retail,2022-09-17
834,Anthony,Rodriguez,anthony.rodriguez834@gmail.com,+1 (408) 854-99-56,San Jose,Wholesale,2023-07-02
835,Daniel,Lewis,daniel.lewis835@yahoo.com,+1 (704) 597-11-60,Charlotte,Retail,2022-11-05
836,Jennifer,Gonzalez,jennifer.gonzalez836@icloud.com,+1 (619) 504-36-30,San Diego,Retail,2023-10-09
837,Emily,Thomas,emily.thomas837@icloud.com,+1 (614) 234-45-20,Columbus,Wholesale,2023-04-28
838,Daniel,Baker,daniel.baker838@yahoo.com,+1 (512) 632-22-30,Austin,Retail,2023-06-03
839,George,Martin,george.martin839@icloud.com,+1 (614) 816-80-51,Columbus,Retail,2023-12-13
840,Daniel,Ramirez,daniel.ramirez840@icloud.com,+1 (213) 856-92-33,Los Angeles,Retail,2024-03-21
841,Joshua,Young,joshua.young841@yahoo.com,+1 (212) 610-35-90,New York,Retail,2022-11-18
842,Donna,Hernandez,donna.hernandez842@outlook.com,+1 (713) 361-41-76,Houston,Retail,2024-05-17
843,Christopher,Garcia,christopher.garcia843@outlook.com,+1 (614) 527-67-71,Columbus,Retail,2022-09-24
844,Matthew,Baker,matthew.baker844@gmail.com,+1 (303) 535-46-35,Denver,Retail,2023-03-01
845,Betty,Gonzalez,betty.gonzalez845@gmail.com,+1 (817) 586-83-38,Fort Worth,VIP,2022-01-24
846,Emily,Adams,emily.adams846@icloud.com,+1 (202) 841-39-21,Washington,Retail,2022-07-23
847,John,Ramirez,john.ramirez847@icloud.com,+1 (215) 250-61-89,Philadelphia,Retail,2023-09-07
848,George,Nelson,george.nelson848@gmail.com,+1 (312) 576-31-82,Chicago,Wholesale,2022-01-15
849,Sandra,Green,sandra.green849@gmail.com,+1 (614) 664-96-73,Columbus,Wholesale,2022-08-18
850,Sarah,Davis,sarah.davis850@icloud.com,+1 (210) 472-46-73,San Antonio,Retail,2022-05-14
851,Lisa,Mitchell,lisa.mitchell851@outlook.com,+1 (210) 814-37-46,San Antonio,Retail,2023-03-05
852,Matthew,Taylor,matthew.taylor852@outlook.com,+1 (602) 229-47-43,Phoenix,Retail,2023-09-25
853,Michelle,Lee,michelle.lee853@icloud.com,+1 (619) 578-84-97,San Diego,Retail,2022-03-29
854,Sandra,Hall,sandra.hall854@outlook.com,+1 (602) 531-98-60,Phoenix,Retail,2024-01-01
855,Kimberly,Taylor,kimberly.taylor855@gmail.com,+1 (614) 811-42-19,Columbus,Retail,2023-07-25
856,Nancy,Wright,nancy.wright856@gmail.com,+1 (512) 440-70-55,Austin,Retail,2022-01-06
857,Lisa,Hill,lisa.hill857@yahoo.com,+1 (202) 590-48-60,Washington,VIP,2022-05-16
858,Kimberly,Rodriguez,kimberly.rodriguez858@yahoo.com,+1 (206) 242-84-32,Seattle,Retail,2022-06-23
859,Ronald,Lewis,ronald.lewis859@yahoo.com,+1 (512) 679-26-21,Austin,Retail,2023-12-29
860,Sarah,King,sarah.king860@gmail.com,+1 (602) 466-24-50,Phoenix,Retail,2022-05-11
861,Mary,Brown,mary.brown861@yahoo.com,+1 (214) 569-65-46,Dallas,Wholesale,2023-09-20
862,Steven,Hill,steven.hill862@outlook.com,+1 (214) 729-50-65,Dallas,Wholesale,2022-11-20
863,Mark,Hall,mark.hall863@icloud.com,+1 (415) 354-81-94,San Francisco,Retail,2022-02-24
864,Nancy,Nguyen,nancy.nguyen864@icloud.com,+1 (213) 435-33-14,Los Angeles,Retail,2022-09-24
865,Ryan,Gonzalez,ryan.gonzalez865@gmail.com,+1 (704) 646-24-73,Charlotte,Retail,2023-03-29
866,Donald,Hall,donald.hall866@gmail.com,+1 (206) 696-68-73,Seattle,Wholesale,2024-05-16
867,Edward,Nelson,edward.nelson867@outlook.com,+1 (602) 326-54-21,Phoenix,Retail,2024-06-08
868,Lisa,Sanchez,lisa.sanchez868@outlook.com,+1 (215) 720-44-82,Philadelphia,VIP,2023-08-21
869,Kenneth,Johnson,kenneth.johnson869@icloud.com,+1 (212) 738-83-33,New York,Retail,2022-03-20
870,Ronald,Moore,ronald.moore870@gmail.com,+1 (415) 893-22-52,San Francisco,Wholesale,2022-10-19
871,Kenneth,Miller,kenneth.miller871@gmail.com,+1 (713) 603-57-85,Houston,Retail,2024-05-07
872,Jeffrey,Rivera,jeffrey.rivera872@icloud.com,+1 (212) 283-68-94,New York,Retail,2023-04-10
873,John,Lewis,john.lewis873@yahoo.com,+1 (214) 808-94-10,Dallas,Wholesale,2022-02-14
874,Michael,Thompson,michael.thompson874@outlook.com,+1 (704) 532-82-26,Charlotte,Retail,2024-06-02
875,Sarah,Harris,sarah.harris875@icloud.com,+1 (408) 530-17-19,San Jose,Retail,2022-04-05
876,Richard,Adams,richard.adams876@gmail.com,+1 (215) 445-61-21,Philadelphia,Retail,2024-05-22
877,William,Clark,william.clark877@outlook.com,+1 (817) 612-46-92,Fort Worth,Retail,2022-05-04
878,Ashley,Ramirez,ashley.ramirez878@outlook.com,+1 (614) 517-97-87,Columbus,Wholesale,2023-01-03
879,Jeffrey,Brown,jeffrey.brown879@icloud.com,+1 (904) 724-35-72,Jacksonville,Retail,2023-02-02
880,Richard,Moore,richard.moore880@icloud.com,+1 (303) 814-64-21,Denver,Retail,2024-04-10
881,Elizabeth,Ramirez,elizabeth.ramirez881@gmail.com,+1 (215) 644-90-64,Philadelphia,Retail,2022-02-11
882,Ronald,Williams,ronald.williams882@outlook.com,+1 (704) 892-38-92,Charlotte,Retail,2023-05-23
883,Edward,Johnson,edward.johnson883@icloud.com,+1 (317) 285-47-69,Indianapolis,VIP,2022-03-23
884,Donna,Williams,donna.williams884@yahoo.com,+1 (415) 507-29-26,San Francisco,Retail,2024-05-11
885,Kevin,Walker,kevin.walker885@gmail.com,+1 (614) 502-82-16,Columbus,Retail,2022-02-16
886,Andrew,Thomas,andrew.thomas886@icloud.com,+1 (317) 635-62-22,Indianapolis,Wholesale,2023-11-08
887,Sandra,Scott,sandra.scott887@gmail.com,+1 (214) 563-42-84,Dallas,Retail,2024-02-27
888,Michelle,Young,michelle.young888@outlook.com,+1 (713) 877-69-32,Houston,Retail,2024-05-13
889,Donna,Gonzalez,donna.gonzalez889@icloud.com,+1 (312) 626-48-50,Chicago,Wholesale,2024-02-15
890,Ashley,Lewis,ashley.lewis890@outlook.com,+1 (202) 471-53-33,Washington,Retail,2022-07-09
891,John,Green,john.green891@icloud.com,+1 (202) 465-96-23,Washington,Retail,2023-07-02
892,Joseph,Lee,joseph.lee892@icloud.com,+1 (817) 319-11-31,Fort Worth,Wholesale,2023-04-17
893,Jason,Robinson,jason.robinson893@yahoo.com,+1 (202) 698-48-89,Washington,Wholesale,2023-12-09
894,Kevin,Taylor,kevin.taylor894@outlook.com,+1 (817) 509-21-26,Fort Worth,Retail,2022-01-15
895,Elizabeth,Harris,elizabeth.harris895@icloud.com,+1 (212) 392-13-36,New York,Retail,2023-10-27
896,Kevin,Rivera,kevin.rivera896@outlook.com,+1 (619) 646-90-78,San Diego,Retail,2022-03-30
897,Ryan,Wilson,ryan.wilson897@gmail.com,+1 (704) 351-70-64,Charlotte,Retail,2022-04-30
898,Elizabeth,Williams,elizabeth.williams898@gmail.com,+1 (602) 655-72-70,Phoenix,Retail,2024-05-30
899,Karen,Carter,karen.carter899@icloud.com,+1 (619) 406-47-82,San Diego,Retail,2022-02-22
900,James,Perez,james.perez900@icloud.com,+1 (713) 845-65-63,Houston,Retail,2024-01-25
901,Patricia,Young,patricia.young901@icloud.com,+1 (206) 497-14-72,Seattle,Retail,2023-05-13
902,Robert,Moore,robert.moore902@gmail.com,+1 (202) 894-72-39,Washington,Retail,2023-06-25
903,Andrew,Flores,andrew.flores903@yahoo.com,+1 (303) 523-80-18,Denver,Retail,2023-10-26
904,Thomas,Ramirez,thomas.ramirez904@yahoo.com,+1 (415) 319-73-89,San Francisco,Wholesale,2023-04-05
905,Emily,Scott,emily.scott905@icloud.com,+1 (212) 365-46-34,New York,Retail,2022-12-19
906,Elizabeth,Anderson,elizabeth.anderson906@yahoo.com,+1 (317) 424-85-97,Indianapolis,Wholesale,2023-09-09
907,Thomas,Anderson,thomas.anderson907@icloud.com,+1 (704) 334-47-59,Charlotte,VIP,2024-05-03
908,Daniel,Nguyen,daniel.nguyen908@outlook.com,+1 (904) 683-30-89,Jacksonville,Wholesale,2022-10-17
909,Thomas,Flores,thomas.flores909@outlook.com,+1 (312) 883-71-26,Chicago,Retail,2022-07-24
910,Mary,Moore,mary.moore910@yahoo.com,+1 (415) 303-63-73,San Francisco,Retail,2022-08-29
911,Jessica,Jones,jessica.jones911@yahoo.com,+1 (213) 218-55-43,Los Angeles,Retail,2023-11-25
912,Donna,Lee,donna.lee912@icloud.com,+1 (317) 232-18-53,Indianapolis,Retail,2022-04-27
913,Kimberly,Roberts,kimberly.roberts913@yahoo.com,+1 (713) 775-38-72,Houston,Wholesale,2022-12-15
914,Charles,Lee,charles.lee914@gmail.com,+1 (213) 770-44-29,Los Angeles,Retail,2023-12-25
915,Lisa,Harris,lisa.harris915@gmail.com,+1 (704) 668-24-23,Charlotte,Retail,2024-04-23
916,Susan,Jackson,susan.jackson916@gmail.com,+1 (317) 307-31-90,Indianapolis,Retail,2024-06-10
917,Brian,Rivera,brian.rivera917@icloud.com,+1 (904) 360-47-66,Jacksonville,Wholesale,2024-01-21
918,George,White,george.white918@outlook.com,+1 (602) 862-56-52,Phoenix,Wholesale,2022-05-06
919,Karen,Wilson,karen.wilson919@icloud.com,+1 (704) 625-10-41,Charlotte,Retail,2022-12-16
920,Barbara,Baker,barbara.baker920@icloud.com,+1 (215) 287-44-57,Philadelphia,Retail,2023-01-05
921,Emily,Johnson,emily.johnson921@outlook.com,+1 (619) 355-77-63,San Diego,Wholesale,2022-05-22
922,Joseph,Gonzalez,joseph.gonzalez922@yahoo.com,+1 (614) 619-68-76,Columbus,Retail,2022-01-31
923,Steven,Sanchez,steven.sanchez923@yahoo.com,+1 (212) 729-18-20,New York,Retail,2022-11-19
924,Anthony,Wright,anthony.wright924@gmail.com,+1 (215) 644-17-60,Philadelphia,VIP,2023-11-08
925,Paul,Brown,paul.brown925@yahoo.com,+1 (602) 788-17-90,Phoenix,Retail,2023-03-06
926,Mary,Thompson,mary.thompson926@gmail.com,+1 (206) 511-50-54,Seattle,Retail,2024-04-26
927,Sarah,Miller,sarah.miller927@icloud.com,+1 (317) 825-28-99,Indianapolis,Retail,2023-04-02
928,Jason,Young,jason.young928@icloud.com,+1 (206) 839-89-93,Seattle,Retail,2023-12-16
929,Jason,Carter,jason.carter929@gmail.com,+1 (817) 402-48-20,Fort Worth,Retail,2023-07-05
930,Christopher,Rivera,christopher.rivera930@outlook.com,+1 (602) 732-79-46,Phoenix,Retail,2022-04-06
931,Edward,Rivera,edward.rivera931@outlook.com,+1 (408) 733-53-91,San Jose,Retail,2022-01-24
932,Robert,Allen,robert.allen932@yahoo.com,+1 (206) 806-43-40,Seattle,Retail,2024-01-14
933,Michael,Robinson,michael.robinson933@yahoo.com,+1 (317) 313-17-57,Indianapolis,Retail,2023-10-05
934,Linda,Hernandez,linda.hernandez934@icloud.com,+1 (713) 248-93-25,Houston,Retail,2022-11-02
935,Elizabeth,Sanchez,elizabeth.sanchez935@outlook.com,+1 (212) 664-53-40,New York,Retail,2022-12-25
936,Christopher,Martinez,christopher.martinez936@outlook.com,+1 (303) 888-27-58,Denver,Retail,2022-04-18
937,Andrew,Mitchell,andrew.mitchell937@gmail.com,+1 (303) 397-56-68,Denver,Wholesale,2022-05-31
938,Kenneth,Roberts,kenneth.roberts938@icloud.com,+1 (614) 283-21-17,Columbus,Retail,2022-05-14
939,Susan,Jones,susan.jones939@icloud.com,+1 (704) 279-57-96,Charlotte,Retail,2023-08-26
940,Jason,Ramirez,jason.ramirez940@icloud.com,+1 (817) 470-84-73,Fort Worth,Wholesale,2023-03-27
941,Donna,Miller,donna.miller941@outlook.com,+1 (415) 626-30-28,San Francisco,Wholesale,2023-05-12
942,Donald,Allen,donald.allen942@outlook.com,+1 (602) 725-77-25,Phoenix,Retail,2023-04-12
943,Michelle,White,michelle.white943@icloud.com,+1 (215) 772-57-25,Philadelphia,Retail,2022-04-23
944,Barbara,Young,barbara.young944@outlook.com,+1 (303) 496-15-76,Denver,Retail,2022-05-01
945,Barbara,Martinez,barbara.martinez945@gmail.com,+1 (904) 510-47-72,Jacksonville,Retail,2024-03-21
946,Sarah,Nelson,sarah.nelson946@yahoo.com,+1 (303) 631-16-49,Denver,Retail,2022-08-09
947,William,Martinez,william.martinez947@yahoo.com,+1 (415) 202-25-80,San Francisco,Wholesale,2022-03-11
948,James,Davis,james.davis948@icloud.com,+1 (614) 692-83-49,Columbus,Wholesale,2022-12-12
949,John,Miller,john.miller949@icloud.com,+1 (415) 820-26-27,San Francisco,Retail,2024-02-19
950,Timothy,Wilson,timothy.wilson950@icloud.com,+1 (704) 352-51-21,Charlotte,Retail,2023-02-01
951,Thomas,Jones,thomas.jones951@icloud.com,+1 (817) 547-79-15,Fort Worth,Retail,2024-01-24
952,Brian,Sanchez,brian.sanchez952@yahoo.com,+1 (312) 369-13-83,Chicago,Retail,2023-07-29
953,James,Campbell,james.campbell953@gmail.com,+1 (206) 287-34-89,Seattle,Retail,2023-08-07
954,Sandra,Torres,sandra.torres954@outlook.com,+1 (415) 714-12-25,San Francisco,Retail,2022-01-20
955,Betty,Davis,betty.davis955@gmail.com,+1 (210) 451-84-66,San Antonio,Retail,2024-04-06
956,Christopher,Flores,christopher.flores956@icloud.com,+1 (512) 611-85-15,Austin,VIP,2024-06-01
957,Patricia,Adams,patricia.adams957@gmail.com,+1 (512) 647-33-63,Austin,Retail,2024-05-30
958,Matthew,Davis,matthew.davis958@gmail.com,+1 (817) 463-21-24,Fort Worth,Retail,2023-07-09
959,Patricia,Brown,patricia.brown959@outlook.com,+1 (602) 387-42-21,Phoenix,VIP,2022-11-11
960,Betty,Smith,betty.smith960@outlook.com,+1 (215) 260-88-51,Philadelphia,Wholesale,2022-01-28
961,Kimberly,Brown,kimberly.brown961@outlook.com,+1 (408) 599-22-50,San Jose,Wholesale,2023-02-27
962,Betty,Williams,betty.williams962@outlook.com,+1 (214) 584-25-16,Dallas,Wholesale,2022-09-03
963,Donna,Thomas,donna.thomas963@icloud.com,+1 (303) 442-73-75,Denver,Retail,2022-04-28
964,Joseph,Brown,joseph.brown964@gmail.com,+1 (512) 675-80-62,Austin,Retail,2023-05-11
965,Robert,Taylor,robert.taylor965@gmail.com,+1 (619) 219-44-80,San Diego,Wholesale,2022-09-10
966,Ashley,Thomas,ashley.thomas966@icloud.com,+1 (602) 511-82-62,Phoenix,Wholesale,2022-03-27
967,Donald,White,donald.white967@outlook.com,+1 (317) 408-28-57,Indianapolis,Retail,2024-03-11
968,Linda,Carter,linda.carter968@gmail.com,+1 (614) 768-67-15,Columbus,Retail,2024-04-12
969,Jason,Mitchell,jason.mitchell969@gmail.com,+1 (202) 496-93-31,Washington,VIP,2022-03-03
970,Barbara,Garcia,barbara.garcia970@icloud.com,+1 (415) 479-86-42,San Francisco,Wholesale,2022-12-26
971,Charles,Williams,charles.williams971@gmail.com,+1 (210) 799-75-46,San Antonio,Wholesale,2022-06-15
972,Matthew,Perez,matthew.perez972@icloud.com,+1 (303) 271-48-21,Denver,Retail,2023-12-17
973,Lisa,Nelson,lisa.nelson973@outlook.com,+1 (602) 769-45-65,Phoenix,Retail,2023-09-18
974,Brian,Campbell,brian.campbell974@yahoo.com,+1 (512) 898-53-91,Austin,Wholesale,2024-02-10
975,Karen,Allen,karen.allen975@yahoo.com,+1 (214) 451-94-51,Dallas,Retail,2022-08-04
976,Elizabeth,Baker,elizabeth.baker976@outlook.com,+1 (202) 536-12-98,Washington,VIP,2023-10-24
977,Sandra,Thompson,sandra.thompson977@outlook.com,+1 (202) 687-10-11,Washington,Retail,2023-02-28
978,John,King,john.king978@gmail.com,+1 (415) 602-78-20,San Francisco,Retail,2023-07-06
979,Anthony,Green,anthony.green979@icloud.com,+1 (704) 888-25-55,Charlotte,Retail,2024-04-27
980,Nancy,Nelson,nancy.nelson980@gmail.com,+1 (817) 381-99-11,Fort Worth,Retail,2023-04-19
981,Lisa,Miller,lisa.miller981@gmail.com,+1 (210) 655-11-38,San Antonio,Retail,2024-02-16
982,Jason,Sanchez,jason.sanchez982@yahoo.com,+1 (904) 396-21-88,Jacksonville,Wholesale,2024-04-07
983,Donna,Davis,donna.davis983@yahoo.com,+1 (619) 705-56-14,San Diego,VIP,2023-05-20
984,Michael,Martinez,michael.martinez984@icloud.com,+1 (202) 414-10-35,Washington,Wholesale,2022-04-24
985,Mary,Davis,mary.davis985@outlook.com,+1 (303) 712-73-31,Denver,Wholesale,2023-11-07
986,Ronald,Ramirez,ronald.ramirez986@outlook.com,+1 (202) 778-32-18,Washington,Retail,2024-02-03
987,Kimberly,Anderson,kimberly.anderson987@yahoo.com,+1 (214) 783-39-76,Dallas,Wholesale,2022-07-16
988,Margaret,Williams,margaret.williams988@yahoo.com,+1 (212) 894-78-88,New York,Retail,2023-11-29
989,Daniel,Young,daniel.young989@gmail.com,+1 (704) 202-64-92,Charlotte,VIP,2024-05-24
990,Joshua,Anderson,joshua.anderson990@icloud.com,+1 (614) 616-45-25,Columbus,Retail,2023-05-23
991,Jennifer,Moore,jennifer.moore991@icloud.com,+1 (213) 429-16-45,Los Angeles,Retail,2023-06-30
992,Richard,Allen,richard.allen992@gmail.com,+1 (212) 601-34-52,New York,Wholesale,2023-08-09
993,Mark,Hill,mark.hill993@outlook.com,+1 (619) 633-19-41,San Diego,Retail,2022-06-18
994,Richard,Martin,richard.martin994@gmail.com,+1 (312) 841-90-22,Chicago,Retail,2023-05-07
995,Margaret,Scott,margaret.scott995@yahoo.com,+1 (212) 806-90-52,New York,Retail,2022-09-11
996,Ronald,Campbell,ronald.campbell996@outlook.com,+1 (619) 548-16-52,San Diego,Wholesale,2022-03-16
997,Richard,Roberts,richard.roberts997@icloud.com,+1 (202) 649-22-90,Washington,Retail,2023-08-16
998,Charles,Anderson,charles.anderson998@gmail.com,+1 (213) 234-58-50,Los Angeles,Retail,2024-03-12
999,Thomas,Robinson,thomas.robinson999@icloud.com,+1 (704) 256-48-88,Charlotte,Retail,2022-03-09
1000,Joseph,Scott,joseph.scott1000@icloud.com,+1 (213) 772-16-47,Los Angeles,Retail,2023-02-16
